-- MariaDB dump 10.19  Distrib 10.4.32-MariaDB, for Win64 (AMD64)
--
-- Host: localhost    Database: 
-- ------------------------------------------------------
-- Server version	10.4.32-MariaDB

/*!40101 SET @OLD_CHARACTER_SET_CLIENT=@@CHARACTER_SET_CLIENT */;
/*!40101 SET @OLD_CHARACTER_SET_RESULTS=@@CHARACTER_SET_RESULTS */;
/*!40101 SET @OLD_COLLATION_CONNECTION=@@COLLATION_CONNECTION */;
/*!40101 SET NAMES utf8mb4 */;
/*!40103 SET @OLD_TIME_ZONE=@@TIME_ZONE */;
/*!40103 SET TIME_ZONE='+00:00' */;
/*!40014 SET @OLD_UNIQUE_CHECKS=@@UNIQUE_CHECKS, UNIQUE_CHECKS=0 */;
/*!40014 SET @OLD_FOREIGN_KEY_CHECKS=@@FOREIGN_KEY_CHECKS, FOREIGN_KEY_CHECKS=0 */;
/*!40101 SET @OLD_SQL_MODE=@@SQL_MODE, SQL_MODE='NO_AUTO_VALUE_ON_ZERO' */;
/*!40111 SET @OLD_SQL_NOTES=@@SQL_NOTES, SQL_NOTES=0 */;

--
-- Current Database: `dbgabriel`
--

CREATE DATABASE /*!32312 IF NOT EXISTS*/ `dbgabriel` /*!40100 DEFAULT CHARACTER SET utf8mb4 COLLATE utf8mb4_general_ci */;

USE `dbgabriel`;

--
-- Table structure for table `cliente`
--

DROP TABLE IF EXISTS `cliente`;
/*!40101 SET @saved_cs_client     = @@character_set_client */;
/*!40101 SET character_set_client = utf8 */;
CREATE TABLE `cliente` (
  `id` int(11) NOT NULL AUTO_INCREMENT,
  `nome` varchar(60) NOT NULL,
  `cpf` int(11) NOT NULL,
  `cnpj` int(14) DEFAULT NULL,
  `contato` int(11) NOT NULL,
  `endereco` varchar(200) NOT NULL,
  `email` varchar(100) DEFAULT NULL,
  `status` varchar(10) DEFAULT 'ativo',
  PRIMARY KEY (`id`)
) ENGINE=InnoDB AUTO_INCREMENT=101 DEFAULT CHARSET=utf8mb4 COLLATE=utf8mb4_general_ci;
/*!40101 SET character_set_client = @saved_cs_client */;

--
-- Dumping data for table `cliente`
--

LOCK TABLES `cliente` WRITE;
/*!40000 ALTER TABLE `cliente` DISABLE KEYS */;
INSERT INTO `cliente` VALUES (1,'Ana Silva',1525748001,NULL,0,'Rua A, 101','ana1@hotmail.com','ativo'),(2,'Bruno Souza',1525748002,NULL,0,'Rua B, 102','bruno2@hotmail.com','ativo'),(3,'Carla Santos',1525748003,NULL,0,'Rua C, 103','carla3@hotmail.com','ativo'),(4,'Daniel Lima',1525748004,NULL,0,'Rua D, 104','daniel4@hotmail.com','ativo'),(5,'Eduarda Alves',1525748005,NULL,0,'Rua E, 105','eduarda5@hotmail.com','ativo'),(6,'Felipe Rocha',1525748006,NULL,0,'Rua F, 106','felipe6@hotmail.com','ativo'),(7,'Gabriela Costa',1525748007,NULL,0,'Rua G, 107','gabriela7@hotmail.com','ativo'),(8,'Henrique Martins',1525748008,NULL,0,'Rua H, 108','henrique8@hotmail.com','ativo'),(9,'Isabela Ferreira',1525748009,NULL,0,'Rua I, 109','isabela9@hotmail.com','ativo'),(10,'João Pereira',1525748010,NULL,0,'Rua J, 110','joao10@hotmail.com','ativo'),(11,'Karen Gomes',1525748011,NULL,0,'Rua K, 111','karen11@hotmail.com','ativo'),(12,'Lucas Ribeiro',1525748012,NULL,0,'Rua L, 112','lucas12@hotmail.com','ativo'),(13,'Mariana Carvalho',1525748013,NULL,0,'Rua M, 113','mariana13@hotmail.com','ativo'),(14,'Nathan Teixeira',1525748014,NULL,0,'Rua N, 114','nathan14@hotmail.com','ativo'),(15,'Olivia Barros',1525748015,NULL,0,'Rua O, 115','olivia15@hotmail.com','ativo'),(16,'Paulo Mendes',1525748016,NULL,0,'Rua P, 116','paulo16@hotmail.com','ativo'),(17,'Queila Batista',1525748017,NULL,0,'Rua Q, 117','queila17@hotmail.com','ativo'),(18,'Rafael Duarte',1525748018,NULL,0,'Rua R, 118','rafael18@hotmail.com','ativo'),(19,'Sara Moraes',1525748019,NULL,0,'Rua S, 119','sara19@hotmail.com','ativo'),(20,'Tiago Freitas',1525748020,NULL,0,'Rua T, 120','tiago20@hotmail.com','ativo'),(21,'Ursula Nunes',1525748021,NULL,0,'Rua U, 121','ursula21@hotmail.com','ativo'),(22,'Victor Lopes',1525748022,NULL,0,'Rua V, 122','victor22@hotmail.com','ativo'),(23,'Wesley Pires',1525748023,NULL,0,'Rua W, 123','wesley23@hotmail.com','ativo'),(24,'Xavier Rezende',1525748024,NULL,0,'Rua X, 124','xavier24@hotmail.com','ativo'),(25,'Yasmin Cardoso',1525748025,NULL,0,'Rua Y, 125','yasmin25@hotmail.com','ativo'),(26,'Zeca Antunes',1525748026,NULL,0,'Rua Z, 126','zeca26@hotmail.com','ativo'),(27,'Aline Borges',1525748027,NULL,0,'Rua A1, 127','aline27@hotmail.com','ativo'),(28,'Beto Campos',1525748028,NULL,0,'Rua B1, 128','beto28@hotmail.com','ativo'),(29,'Cintia Farias',1525748029,NULL,0,'Rua C1, 129','cintia29@hotmail.com','ativo'),(30,'Diego Peixoto',1525748030,NULL,0,'Rua D1, 130','diego30@hotmail.com','ativo'),(31,'Elaine Matos',1525748031,NULL,0,'Rua E1, 131','elaine31@hotmail.com','ativo'),(32,'Fabio Neves',1525748032,NULL,0,'Rua F1, 132','fabio32@hotmail.com','ativo'),(33,'Gisele Torres',1525748033,NULL,0,'Rua G1, 133','gisele33@hotmail.com','ativo'),(34,'Hugo Araujo',1525748034,NULL,0,'Rua H1, 134','hugo34@hotmail.com','ativo'),(35,'Ivana Duarte',1525748035,NULL,0,'Rua I1, 135','ivana35@hotmail.com','ativo'),(36,'Julio Cesar',1525748036,NULL,0,'Rua J1, 136','julio36@hotmail.com','ativo'),(37,'Kelly Souza',1525748037,NULL,0,'Rua K1, 137','kelly37@hotmail.com','ativo'),(38,'Leandro Cunha',1525748038,NULL,0,'Rua L1, 138','leandro38@hotmail.com','ativo'),(39,'Monica Rios',1525748039,NULL,0,'Rua M1, 139','monica39@hotmail.com','ativo'),(40,'Nicolas Braga',1525748040,NULL,0,'Rua N1, 140','nicolas40@hotmail.com','ativo'),(41,'Otavio Leite',1525748041,NULL,0,'Rua O1, 141','otavio41@hotmail.com','ativo'),(42,'Priscila Viana',1525748042,NULL,0,'Rua P1, 142','priscila42@hotmail.com','ativo'),(43,'Renato Sales',1525748043,NULL,0,'Rua Q1, 143','renato43@hotmail.com','ativo'),(44,'Simone Teles',1525748044,NULL,0,'Rua R1, 144','simone44@hotmail.com','ativo'),(45,'Tadeu Ramos',1525748045,NULL,0,'Rua S1, 145','tadeu45@hotmail.com','ativo'),(46,'Vanessa Prado',1525748046,NULL,0,'Rua T1, 146','vanessa46@hotmail.com','ativo'),(47,'Willian Dias',1525748047,NULL,0,'Rua U1, 147','willian47@hotmail.com','ativo'),(48,'Yuri Fonseca',1525748048,NULL,0,'Rua V1, 148','yuri48@hotmail.com','ativo'),(49,'Zilda Rocha',1525748049,NULL,0,'Rua W1, 149','zilda49@hotmail.com','ativo'),(50,'Adriana Luz',1525748050,NULL,0,'Rua X1, 150','adriana50@hotmail.com','ativo'),(51,'Bruna Melo',1525748051,NULL,0,'Rua Y1, 151','bruna51@hotmail.com','ativo'),(52,'Caio Freire',1525748052,NULL,0,'Rua Z1, 152','caio52@hotmail.com','ativo'),(53,'Debora Pacheco',1525748053,NULL,0,'Rua A2, 153','debora53@hotmail.com','ativo'),(54,'Enzo Vieira',1525748054,NULL,0,'Rua B2, 154','enzo54@hotmail.com','ativo'),(55,'Flavia Queiroz',1525748055,NULL,0,'Rua C2, 155','flavia55@hotmail.com','ativo'),(56,'Gustavo Siqueira',1525748056,NULL,0,'Rua D2, 156','gustavo56@hotmail.com','ativo'),(57,'Helena Brito',1525748057,NULL,0,'Rua E2, 157','helena57@hotmail.com','ativo'),(58,'Igor Coelho',1525748058,NULL,0,'Rua F2, 158','igor58@hotmail.com','ativo'),(59,'Julia Tavares',1525748059,NULL,0,'Rua G2, 159','julia59@hotmail.com','ativo'),(60,'Kleber Assis',1525748060,NULL,0,'Rua H2, 160','kleber60@hotmail.com','ativo'),(61,'Larissa Aguiar',1525748061,NULL,0,'Rua I2, 161','larissa61@hotmail.com','ativo'),(62,'Mateus Paiva',1525748062,NULL,0,'Rua J2, 162','mateus62@hotmail.com','ativo'),(63,'Natalia Furtado',1525748063,NULL,0,'Rua K2, 163','natalia63@hotmail.com','ativo'),(64,'Orlando Pinho',1525748064,NULL,0,'Rua L2, 164','orlando64@hotmail.com','ativo'),(65,'Patricia Diniz',1525748065,NULL,0,'Rua M2, 165','patricia65@hotmail.com','ativo'),(66,'Rogério Lemos',1525748066,NULL,0,'Rua N2, 166','rogerio66@hotmail.com','ativo'),(67,'Suelen Macedo',1525748067,NULL,0,'Rua O2, 167','suelen67@hotmail.com','ativo'),(68,'Thiago Rezende',1525748068,NULL,0,'Rua P2, 168','thiago68@hotmail.com','ativo'),(69,'Ulisses Castro',1525748069,NULL,0,'Rua Q2, 169','ulisses69@hotmail.com','ativo'),(70,'Vera Lins',1525748070,NULL,0,'Rua R2, 170','vera70@hotmail.com','ativo'),(71,'Wallace Nogueira',1525748071,NULL,0,'Rua S2, 171','wallace71@hotmail.com','ativo'),(72,'Yago Pinto',1525748072,NULL,0,'Rua T2, 172','yago72@hotmail.com','ativo'),(73,'Zuleica Cunha',1525748073,NULL,0,'Rua U2, 173','zuleica73@hotmail.com','ativo'),(74,'Alberto Prado',1525748074,NULL,0,'Rua V2, 174','alberto74@hotmail.com','ativo'),(75,'Bianca Teodoro',1525748075,NULL,0,'Rua W2, 175','bianca75@hotmail.com','ativo'),(76,'Cesar Lacerda',1525748076,NULL,0,'Rua X2, 176','cesar76@hotmail.com','ativo'),(77,'Daiane Lopes',1525748077,NULL,0,'Rua Y2, 177','daiane77@hotmail.com','ativo'),(78,'Elias Monteiro',1525748078,NULL,0,'Rua Z2, 178','elias78@hotmail.com','ativo'),(79,'Fernanda Sales',1525748079,NULL,0,'Rua A3, 179','fernanda79@hotmail.com','ativo'),(80,'Gilberto Cunha',1525748080,NULL,0,'Rua B3, 180','gilberto80@hotmail.com','ativo'),(81,'Heloisa Ramos',1525748081,NULL,0,'Rua C3, 181','heloisa81@hotmail.com','ativo'),(82,'Italo Mendes',1525748082,NULL,0,'Rua D3, 182','italo82@hotmail.com','ativo'),(83,'Janaina Freitas',1525748083,NULL,0,'Rua E3, 183','janaina83@hotmail.com','ativo'),(84,'Kaio Batista',1525748084,NULL,0,'Rua F3, 184','kaio84@hotmail.com','ativo'),(85,'Luciana Moura',1525748085,NULL,0,'Rua G3, 185','luciana85@hotmail.com','ativo'),(86,'Marcelo Torres',1525748086,NULL,0,'Rua H3, 186','marcelo86@hotmail.com','ativo'),(87,'Neide Barros',1525748087,NULL,0,'Rua I3, 187','neide87@hotmail.com','ativo'),(88,'Osvaldo Teixeira',1525748088,NULL,0,'Rua J3, 188','osvaldo88@hotmail.com','ativo'),(89,'Paula Ribeiro',1525748089,NULL,0,'Rua K3, 189','paula89@hotmail.com','ativo'),(90,'Robson Araujo',1525748090,NULL,0,'Rua L3, 190','robson90@hotmail.com','ativo'),(91,'Silvia Nunes',1525748091,NULL,0,'Rua M3, 191','silvia91@hotmail.com','ativo'),(92,'Tania Cardoso',1525748092,NULL,0,'Rua N3, 192','tania92@hotmail.com','ativo'),(93,'Valter Pacheco',1525748093,NULL,0,'Rua O3, 193','valter93@hotmail.com','ativo'),(94,'Wagner Duarte',1525748094,NULL,0,'Rua P3, 194','wagner94@hotmail.com','ativo'),(95,'Yasmin Braga',1525748095,NULL,0,'Rua Q3, 195','yasmin95@hotmail.com','ativo'),(96,'Zeno Farias',1525748096,NULL,0,'Rua R3, 196','zeno96@hotmail.com','ativo'),(97,'Andre Cunha',1525748097,NULL,0,'Rua S3, 197','andre97@hotmail.com','ativo'),(98,'Beatriz Luz',1525748098,NULL,0,'Rua T3, 198','beatriz98@hotmail.com','ativo'),(99,'Carlos Pires',1525748099,NULL,0,'Rua U3, 199','carlos99@hotmail.com','ativo'),(100,'Diana Melo',1525748100,NULL,0,'Rua V3, 200','diana100@hotmail.com','ativo');
/*!40000 ALTER TABLE `cliente` ENABLE KEYS */;
UNLOCK TABLES;

--
-- Table structure for table `itemnotafiscal`
--

DROP TABLE IF EXISTS `itemnotafiscal`;
/*!40101 SET @saved_cs_client     = @@character_set_client */;
/*!40101 SET character_set_client = utf8 */;
CREATE TABLE `itemnotafiscal` (
  `id` int(11) NOT NULL AUTO_INCREMENT,
  `id_notafiscal` int(11) NOT NULL,
  `id_produto` int(11) NOT NULL,
  `quantidade` int(11) NOT NULL,
  PRIMARY KEY (`id`),
  KEY `fk_itemnota_nota` (`id_notafiscal`),
  KEY `fk_itemnota_produto` (`id_produto`),
  CONSTRAINT `fk_itemnota_nota` FOREIGN KEY (`id_notafiscal`) REFERENCES `notafiscal` (`id`),
  CONSTRAINT `fk_itemnota_produto` FOREIGN KEY (`id_produto`) REFERENCES `produto` (`id`)
) ENGINE=InnoDB AUTO_INCREMENT=2 DEFAULT CHARSET=utf8mb4 COLLATE=utf8mb4_general_ci;
/*!40101 SET character_set_client = @saved_cs_client */;

--
-- Dumping data for table `itemnotafiscal`
--

LOCK TABLES `itemnotafiscal` WRITE;
/*!40000 ALTER TABLE `itemnotafiscal` DISABLE KEYS */;
INSERT INTO `itemnotafiscal` VALUES (1,1,5,1);
/*!40000 ALTER TABLE `itemnotafiscal` ENABLE KEYS */;
UNLOCK TABLES;

--
-- Table structure for table `notafiscal`
--

DROP TABLE IF EXISTS `notafiscal`;
/*!40101 SET @saved_cs_client     = @@character_set_client */;
/*!40101 SET character_set_client = utf8 */;
CREATE TABLE `notafiscal` (
  `id` int(11) NOT NULL AUTO_INCREMENT,
  `numero` int(11) NOT NULL,
  `id_cliente` int(11) NOT NULL,
  `data_emissao` date NOT NULL,
  `valor_total` float NOT NULL,
  PRIMARY KEY (`id`),
  KEY `fk_nota_cliente` (`id_cliente`),
  CONSTRAINT `fk_nota_cliente` FOREIGN KEY (`id_cliente`) REFERENCES `cliente` (`id`)
) ENGINE=InnoDB AUTO_INCREMENT=3 DEFAULT CHARSET=utf8mb4 COLLATE=utf8mb4_general_ci;
/*!40101 SET character_set_client = @saved_cs_client */;

--
-- Dumping data for table `notafiscal`
--

LOCK TABLES `notafiscal` WRITE;
/*!40000 ALTER TABLE `notafiscal` DISABLE KEYS */;
INSERT INTO `notafiscal` VALUES (1,1510,5,'2026-04-01',1500),(2,1510,5,'2026-04-01',1500);
/*!40000 ALTER TABLE `notafiscal` ENABLE KEYS */;
UNLOCK TABLES;

--
-- Table structure for table `produto`
--

DROP TABLE IF EXISTS `produto`;
/*!40101 SET @saved_cs_client     = @@character_set_client */;
/*!40101 SET character_set_client = utf8 */;
CREATE TABLE `produto` (
  `id` int(11) NOT NULL AUTO_INCREMENT,
  `codigo` varchar(45) NOT NULL,
  `descricao` varchar(45) NOT NULL,
  `valor_unitario` float NOT NULL,
  `quantidade_estoque` int(11) NOT NULL,
  PRIMARY KEY (`id`)
) ENGINE=InnoDB AUTO_INCREMENT=501 DEFAULT CHARSET=utf8mb4 COLLATE=utf8mb4_general_ci;
/*!40101 SET character_set_client = @saved_cs_client */;

--
-- Dumping data for table `produto`
--

LOCK TABLES `produto` WRITE;
/*!40000 ALTER TABLE `produto` DISABLE KEYS */;
INSERT INTO `produto` VALUES (1,'7891000500','Teclado Dell Pro 1',2578.38,42),(2,'7891000001','SSD Dell Pro 5',263.96,98),(3,'7891000002','Cabo HP Pro 6',912.88,30),(4,'7891000003','Webcam Razer Pro 5',491.26,135),(5,'7891000004','Fonte HyperX Pro 7',1306.58,88),(6,'7891000005','Monitor Razer Pro 4',2403.84,99),(7,'7891000006','Mouse Asus Pro 7',1878.18,81),(8,'7891000007','Cabo Samsung Pro 7',1494.51,137),(9,'7891000008','Gabinete Asus Pro 7',3412.21,180),(10,'7891000009','Webcam Razer Pro 5',683.64,84),(11,'7891000010','RAM Razer Pro 1',627.54,153),(12,'7891000011','Headset Samsung Pro 2',1330.6,143),(13,'7891000012','RAM HP Pro 2',1719.98,189),(14,'7891000013','Monitor HP Pro 2',488.4,80),(15,'7891000014','Teclado Corsair Pro 7',2995.14,162),(16,'7891000015','Webcam Asus Pro 9',3229.74,23),(17,'7891000016','Teclado Dell Pro 7',602.53,176),(18,'7891000017','RAM Samsung Pro 2',2740.36,168),(19,'7891000018','Cabo Corsair Pro 7',285.39,90),(20,'7891000019','Fonte Samsung Pro 7',1432.95,122),(21,'7891000020','Fonte Corsair Pro 3',619.06,19),(22,'7891000021','Mouse Samsung Pro 3',1015.15,88),(23,'7891000022','SSD Corsair Pro 1',2094.23,7),(24,'7891000023','Gabinete HyperX Pro 3',1172.34,80),(25,'7891000024','Cabo HyperX Pro 6',3307.8,102),(26,'7891000025','Mouse Logitech Pro 7',3437.54,69),(27,'7891000026','Mouse Razer Pro 4',3257.44,158),(28,'7891000027','Mouse Samsung Pro 5',406.85,65),(29,'7891000028','Fonte Samsung Pro 4',2924.06,108),(30,'7891000029','Teclado Corsair Pro 2',405.84,81),(31,'7891000030','Cabo Dell Pro 4',3117.97,145),(32,'7891000031','Fonte Logitech Pro 3',687.69,162),(33,'7891000032','Gabinete Corsair Pro 1',1571.93,139),(34,'7891000033','RAM Razer Pro 5',3439.35,153),(35,'7891000034','Headset Corsair Pro 9',2857.8,39),(36,'7891000035','RAM HyperX Pro 9',1742.6,161),(37,'7891000036','Teclado HP Pro 9',2423.05,168),(38,'7891000037','Headset Razer Pro 9',241.39,101),(39,'7891000038','Webcam HP Pro 7',1646.35,173),(40,'7891000039','Cabo Dell Pro 2',1726.14,195),(41,'7891000040','Gabinete Dell Pro 9',228.31,180),(42,'7891000041','Teclado Asus Pro 9',314.01,112),(43,'7891000042','Cabo Razer Pro 5',1139.1,74),(44,'7891000043','Mouse HyperX Pro 6',1120.19,13),(45,'7891000044','Webcam Dell Pro 9',2117.25,15),(46,'7891000045','Teclado Corsair Pro 6',837.93,138),(47,'7891000046','Monitor Samsung Pro 8',2759.97,192),(48,'7891000047','Fonte HyperX Pro 7',1700.04,132),(49,'7891000048','Monitor HyperX Pro 5',241.43,167),(50,'7891000049','Teclado Logitech Pro 4',940.22,45),(51,'7891000050','RAM Dell Pro 6',503.88,132),(52,'7891000051','Cabo Samsung Pro 4',2818.29,7),(53,'7891000052','Mouse Asus Pro 4',1697.73,145),(54,'7891000053','RAM HyperX Pro 6',2671.52,130),(55,'7891000054','Gabinete HyperX Pro 7',1910.87,193),(56,'7891000055','Webcam Samsung Pro 1',1538.78,104),(57,'7891000056','Mouse Samsung Pro 9',1142.98,56),(58,'7891000057','SSD Samsung Pro 5',388.91,183),(59,'7891000058','Webcam Asus Pro 1',386.74,8),(60,'7891000059','Mouse Samsung Pro 1',2776.92,195),(61,'7891000060','Webcam HP Pro 5',2785.37,16),(62,'7891000061','SSD HyperX Pro 4',2043.56,144),(63,'7891000062','Cabo Corsair Pro 5',351.41,194),(64,'7891000063','SSD Asus Pro 3',1965.79,106),(65,'7891000064','Monitor Samsung Pro 1',1074.06,171),(66,'7891000065','Headset HyperX Pro 5',1677.12,87),(67,'7891000066','Fonte Logitech Pro 9',707.08,78),(68,'7891000067','Headset Samsung Pro 5',2553.85,103),(69,'7891000068','Cabo Dell Pro 7',1535.31,42),(70,'7891000069','Headset HP Pro 6',1077.43,136),(71,'7891000070','Monitor Samsung Pro 4',2496.36,171),(72,'7891000071','Gabinete Dell Pro 8',1989.12,142),(73,'7891000072','Teclado Logitech Pro 1',2264.28,39),(74,'7891000073','Monitor Asus Pro 4',2658.9,129),(75,'7891000074','RAM Dell Pro 6',2566.11,89),(76,'7891000075','Headset Dell Pro 7',2926.49,71),(77,'7891000076','Cabo Asus Pro 4',281.24,84),(78,'7891000077','Teclado HyperX Pro 6',2556.1,24),(79,'7891000078','Webcam Razer Pro 2',2012.76,134),(80,'7891000079','Gabinete Asus Pro 9',3485.66,124),(81,'7891000080','Headset Dell Pro 8',1132.56,118),(82,'7891000081','RAM HP Pro 8',1380.62,196),(83,'7891000082','RAM HP Pro 9',1717.42,129),(84,'7891000083','Monitor HyperX Pro 1',2627.05,116),(85,'7891000084','SSD Corsair Pro 8',2093.81,32),(86,'7891000085','Fonte HP Pro 7',2162.45,157),(87,'7891000086','Mouse Dell Pro 3',737.93,56),(88,'7891000087','Teclado Asus Pro 1',1997.09,195),(89,'7891000088','Teclado Dell Pro 2',909.75,200),(90,'7891000089','Fonte HyperX Pro 5',558.75,170),(91,'7891000090','Gabinete Logitech Pro 9',182.07,162),(92,'7891000091','Cabo Asus Pro 9',1720.32,63),(93,'7891000092','Monitor HP Pro 6',835.21,115),(94,'7891000093','Teclado HP Pro 2',361.93,55),(95,'7891000094','Fonte HyperX Pro 3',2276.34,133),(96,'7891000095','SSD HP Pro 5',834.14,65),(97,'7891000096','RAM Dell Pro 4',3085.96,97),(98,'7891000097','SSD Corsair Pro 4',2961.83,40),(99,'7891000098','SSD Samsung Pro 6',1794.1,51),(100,'7891000099','Monitor HyperX Pro 3',2221.88,47),(101,'7891000100','Cabo HyperX Pro 4',264.79,137),(102,'7891000101','Cabo Asus Pro 5',1307.04,84),(103,'7891000102','SSD HyperX Pro 1',1416.85,119),(104,'7891000103','Webcam Dell Pro 2',2561.07,156),(105,'7891000104','Headset Samsung Pro 2',709.06,101),(106,'7891000105','Monitor HP Pro 9',2335.87,42),(107,'7891000106','Fonte Corsair Pro 7',3230.25,9),(108,'7891000107','Cabo Samsung Pro 5',893.72,82),(109,'7891000108','Cabo Dell Pro 7',2034.72,131),(110,'7891000109','Cabo Asus Pro 5',233.13,185),(111,'7891000110','Mouse Samsung Pro 2',1277.68,151),(112,'7891000111','Gabinete Samsung Pro 5',2418.24,30),(113,'7891000112','Teclado HyperX Pro 7',2949.05,102),(114,'7891000113','Monitor HyperX Pro 7',3394.87,194),(115,'7891000114','Teclado HP Pro 8',567.6,182),(116,'7891000115','Teclado Logitech Pro 3',2096.74,163),(117,'7891000116','Cabo Samsung Pro 2',1546.19,191),(118,'7891000117','Fonte Asus Pro 1',3396.24,196),(119,'7891000118','Headset Razer Pro 8',1985.22,141),(120,'7891000119','Teclado Asus Pro 7',2701.55,101),(121,'7891000120','Cabo HP Pro 8',2451.45,8),(122,'7891000121','Headset Dell Pro 8',279.33,45),(123,'7891000122','SSD Razer Pro 3',2529.33,41),(124,'7891000123','Monitor HP Pro 9',1659.87,170),(125,'7891000124','Monitor Logitech Pro 8',2073.36,94),(126,'7891000125','Teclado Logitech Pro 6',3147.24,195),(127,'7891000126','Webcam HyperX Pro 3',2145.08,8),(128,'7891000127','Mouse HP Pro 3',436.78,36),(129,'7891000128','RAM HyperX Pro 4',1589.73,105),(130,'7891000129','Headset Corsair Pro 7',3034.84,143),(131,'7891000130','Mouse HyperX Pro 8',3215.64,81),(132,'7891000131','Mouse Dell Pro 5',163.87,52),(133,'7891000132','Fonte HyperX Pro 2',3279.93,120),(134,'7891000133','Cabo HP Pro 5',2030.44,159),(135,'7891000134','Webcam Dell Pro 9',865.58,93),(136,'7891000135','Gabinete HyperX Pro 3',2218.32,25),(137,'7891000136','Mouse Corsair Pro 4',2976.63,137),(138,'7891000137','Webcam HyperX Pro 5',2784.5,34),(139,'7891000138','SSD Logitech Pro 8',3333.86,151),(140,'7891000139','Monitor HyperX Pro 1',1569.43,177),(141,'7891000140','Headset Corsair Pro 7',3463.64,69),(142,'7891000141','SSD HP Pro 8',2311.7,41),(143,'7891000142','SSD Asus Pro 8',1462.31,198),(144,'7891000143','RAM Corsair Pro 9',2889.16,175),(145,'7891000144','Mouse Samsung Pro 5',2631.61,114),(146,'7891000145','Gabinete HP Pro 1',2708.35,153),(147,'7891000146','Webcam HP Pro 3',2355.15,60),(148,'7891000147','Cabo Logitech Pro 9',130.15,84),(149,'7891000148','Monitor Logitech Pro 5',2719.69,38),(150,'7891000149','RAM Logitech Pro 2',849,158),(151,'7891000150','Mouse Logitech Pro 1',26.66,98),(152,'7891000151','Headset HyperX Pro 4',3486.49,61),(153,'7891000152','RAM HyperX Pro 3',668.56,60),(154,'7891000153','Headset Logitech Pro 7',2528.17,85),(155,'7891000154','Monitor Samsung Pro 3',433.13,137),(156,'7891000155','Cabo Samsung Pro 2',3310.94,35),(157,'7891000156','Cabo Dell Pro 9',998.28,141),(158,'7891000157','RAM Logitech Pro 3',305.93,194),(159,'7891000158','Fonte HP Pro 1',609.43,151),(160,'7891000159','Fonte HP Pro 9',3275.75,186),(161,'7891000160','Cabo Razer Pro 7',1184.32,150),(162,'7891000161','Fonte Samsung Pro 9',3297.95,75),(163,'7891000162','Headset Razer Pro 9',248.53,34),(164,'7891000163','Webcam Samsung Pro 3',3499.81,170),(165,'7891000164','Fonte Samsung Pro 2',1919.56,87),(166,'7891000165','Monitor HyperX Pro 8',2587.14,106),(167,'7891000166','SSD Corsair Pro 8',2306.8,67),(168,'7891000167','Teclado Logitech Pro 1',3321.22,55),(169,'7891000168','Webcam Razer Pro 1',2397.41,142),(170,'7891000169','SSD HyperX Pro 1',37.6,110),(171,'7891000170','Monitor Samsung Pro 6',2796.21,154),(172,'7891000171','SSD Corsair Pro 9',3496.11,81),(173,'7891000172','Webcam Asus Pro 3',3320.47,102),(174,'7891000173','Headset Logitech Pro 7',747.86,18),(175,'7891000174','Webcam Asus Pro 4',1192.82,162),(176,'7891000175','Monitor Logitech Pro 7',2864.27,46),(177,'7891000176','RAM Razer Pro 8',2841.37,39),(178,'7891000177','Cabo Samsung Pro 3',1276.74,189),(179,'7891000178','Mouse HP Pro 9',1916.85,73),(180,'7891000179','SSD Corsair Pro 8',1954.04,16),(181,'7891000180','Teclado Dell Pro 6',1053.31,92),(182,'7891000181','RAM Asus Pro 7',1807.38,161),(183,'7891000182','Mouse Asus Pro 3',387.4,20),(184,'7891000183','RAM HP Pro 4',1299.7,187),(185,'7891000184','Teclado HyperX Pro 8',2340.59,70),(186,'7891000185','Cabo Corsair Pro 6',1693.41,91),(187,'7891000186','Teclado Asus Pro 6',180.86,71),(188,'7891000187','Webcam Logitech Pro 3',1389.71,150),(189,'7891000188','Monitor HyperX Pro 3',1263.49,26),(190,'7891000189','Gabinete Asus Pro 6',1363.63,108),(191,'7891000190','Monitor HP Pro 4',512.4,132),(192,'7891000191','SSD Razer Pro 2',75.31,131),(193,'7891000192','Headset Logitech Pro 3',363.64,71),(194,'7891000193','Monitor Dell Pro 5',1342.73,200),(195,'7891000194','Mouse HyperX Pro 6',2625.24,169),(196,'7891000195','Headset HyperX Pro 7',3464.23,93),(197,'7891000196','Gabinete Logitech Pro 6',1788.07,140),(198,'7891000197','SSD Dell Pro 4',2498.25,6),(199,'7891000198','RAM Razer Pro 4',560.26,162),(200,'7891000199','Fonte Razer Pro 7',2507.01,99),(201,'7891000200','Mouse HP Pro 2',2877.27,115),(202,'7891000201','Cabo HP Pro 1',2017.52,105),(203,'7891000202','Webcam Samsung Pro 6',2095.32,185),(204,'7891000203','Webcam Dell Pro 1',448.75,182),(205,'7891000204','Monitor Dell Pro 7',2500.52,183),(206,'7891000205','Monitor Corsair Pro 3',138.07,105),(207,'7891000206','Cabo Dell Pro 3',2751.54,47),(208,'7891000207','Teclado HyperX Pro 2',788.99,109),(209,'7891000208','Mouse Logitech Pro 5',1660.61,86),(210,'7891000209','Fonte Asus Pro 6',941.71,122),(211,'7891000210','SSD HyperX Pro 4',3117.73,38),(212,'7891000211','Monitor HP Pro 9',2282.18,197),(213,'7891000212','Teclado Razer Pro 5',1178.97,63),(214,'7891000213','Gabinete Samsung Pro 2',3471.71,5),(215,'7891000214','SSD Samsung Pro 7',3437.16,163),(216,'7891000215','Teclado Razer Pro 2',1964.85,106),(217,'7891000216','Webcam Asus Pro 7',2891.65,32),(218,'7891000217','Webcam Logitech Pro 1',3423.36,49),(219,'7891000218','Mouse HyperX Pro 6',1887.66,133),(220,'7891000219','Gabinete HyperX Pro 1',807.18,38),(221,'7891000220','Gabinete Dell Pro 3',3367.43,158),(222,'7891000221','Monitor Razer Pro 2',953.58,112),(223,'7891000222','Gabinete Dell Pro 4',3441.39,135),(224,'7891000223','Webcam Dell Pro 1',2233,47),(225,'7891000224','Teclado Logitech Pro 4',1019.54,182),(226,'7891000225','RAM Asus Pro 1',2651.44,58),(227,'7891000226','Gabinete Razer Pro 6',2372.45,104),(228,'7891000227','Mouse Razer Pro 1',1179.65,103),(229,'7891000228','Teclado HyperX Pro 5',3096.29,9),(230,'7891000229','Fonte Logitech Pro 5',2352.29,185),(231,'7891000230','Fonte Razer Pro 8',480.94,6),(232,'7891000231','RAM Corsair Pro 9',714.3,102),(233,'7891000232','SSD Dell Pro 6',65.86,94),(234,'7891000233','Cabo Logitech Pro 3',3032.46,81),(235,'7891000234','Teclado Corsair Pro 7',1154.47,96),(236,'7891000235','SSD HyperX Pro 2',422.41,169),(237,'7891000236','Fonte Asus Pro 9',903.33,188),(238,'7891000237','Cabo Logitech Pro 5',3241.97,144),(239,'7891000238','Cabo HyperX Pro 2',3403.31,153),(240,'7891000239','Fonte Asus Pro 5',3131.68,36),(241,'7891000240','Cabo Corsair Pro 6',2761.29,173),(242,'7891000241','Teclado Corsair Pro 6',3220.37,53),(243,'7891000242','Teclado Samsung Pro 2',1027.63,197),(244,'7891000243','Monitor HyperX Pro 9',283.16,60),(245,'7891000244','Teclado Corsair Pro 4',1916.34,130),(246,'7891000245','Monitor HP Pro 3',2223.92,125),(247,'7891000246','Monitor Samsung Pro 3',2723.35,19),(248,'7891000247','Cabo Dell Pro 1',1688.77,52),(249,'7891000248','Headset Samsung Pro 6',2166.19,43),(250,'7891000249','Headset Samsung Pro 4',2259.33,157),(251,'7891000250','Teclado Dell Pro 1',1416.62,71),(252,'7891000251','Cabo Dell Pro 1',2678.22,167),(253,'7891000252','Fonte HyperX Pro 4',593.29,59),(254,'7891000253','SSD Samsung Pro 4',2426.16,51),(255,'7891000254','Teclado Asus Pro 7',397.81,132),(256,'7891000255','Headset Logitech Pro 6',1560.81,117),(257,'7891000256','Mouse HP Pro 1',1634.34,49),(258,'7891000257','Gabinete Razer Pro 5',3065.82,51),(259,'7891000258','Gabinete HyperX Pro 6',1844.3,13),(260,'7891000259','Cabo Logitech Pro 9',3218.16,172),(261,'7891000260','Mouse Samsung Pro 6',1362.14,59),(262,'7891000261','Fonte Logitech Pro 2',1706.13,75),(263,'7891000262','RAM Dell Pro 1',1072.27,152),(264,'7891000263','Gabinete Logitech Pro 5',1066.16,127),(265,'7891000264','Webcam HP Pro 9',234.69,20),(266,'7891000265','Gabinete Corsair Pro 7',356.97,18),(267,'7891000266','Teclado HyperX Pro 9',2613.41,10),(268,'7891000267','RAM Razer Pro 7',3413.94,83),(269,'7891000268','Gabinete Asus Pro 1',3482.13,131),(270,'7891000269','Mouse Asus Pro 1',2192.35,169),(271,'7891000270','Webcam HyperX Pro 2',2645.25,110),(272,'7891000271','RAM Razer Pro 4',2826.76,19),(273,'7891000272','SSD Corsair Pro 1',1035.1,11),(274,'7891000273','Headset HP Pro 6',636,72),(275,'7891000274','Gabinete Logitech Pro 6',941.57,161),(276,'7891000275','Headset Asus Pro 6',889.49,16),(277,'7891000276','Webcam HP Pro 7',3083.08,59),(278,'7891000277','Cabo Razer Pro 8',1020.02,112),(279,'7891000278','Webcam Corsair Pro 2',2486.26,45),(280,'7891000279','Monitor Dell Pro 7',887.58,195),(281,'7891000280','Monitor HP Pro 5',51.06,160),(282,'7891000281','Cabo Corsair Pro 9',1766.78,115),(283,'7891000282','Gabinete HP Pro 2',1581.24,73),(284,'7891000283','Cabo Asus Pro 1',2161.86,151),(285,'7891000284','Cabo HP Pro 9',501.63,157),(286,'7891000285','Webcam Razer Pro 2',1577.2,167),(287,'7891000286','Monitor Dell Pro 6',766.24,68),(288,'7891000287','Teclado Corsair Pro 4',3479.47,73),(289,'7891000288','Cabo Logitech Pro 9',765.05,200),(290,'7891000289','Webcam Asus Pro 2',3101.87,136),(291,'7891000290','Monitor Dell Pro 8',3466.31,79),(292,'7891000291','Webcam Asus Pro 3',2860.37,24),(293,'7891000292','Webcam Samsung Pro 6',1691.09,20),(294,'7891000293','Headset Asus Pro 9',868.06,131),(295,'7891000294','Fonte Logitech Pro 2',1073.72,183),(296,'7891000295','Fonte HyperX Pro 8',1427.69,31),(297,'7891000296','Teclado Corsair Pro 4',3292.42,97),(298,'7891000297','Mouse Logitech Pro 8',1437.8,29),(299,'7891000298','Mouse Asus Pro 3',2438.34,194),(300,'7891000299','Cabo HyperX Pro 4',282.6,54),(301,'7891000300','Webcam HP Pro 6',522.2,10),(302,'7891000301','Mouse Corsair Pro 7',1442.35,144),(303,'7891000302','Mouse HP Pro 1',1729.08,44),(304,'7891000303','RAM Asus Pro 5',1783.86,177),(305,'7891000304','Gabinete Samsung Pro 7',38.13,95),(306,'7891000305','Headset Samsung Pro 8',1628.05,161),(307,'7891000306','Headset Logitech Pro 4',2198.52,198),(308,'7891000307','RAM Corsair Pro 5',2077.49,28),(309,'7891000308','Teclado Dell Pro 3',2141.97,196),(310,'7891000309','RAM Razer Pro 3',1538.55,91),(311,'7891000310','Gabinete HP Pro 9',3027.25,151),(312,'7891000311','Headset Logitech Pro 6',2455.97,13),(313,'7891000312','SSD Dell Pro 4',1618.28,51),(314,'7891000313','Monitor Logitech Pro 5',571.56,153),(315,'7891000314','Monitor HP Pro 8',1582.06,173),(316,'7891000315','Fonte Razer Pro 6',904.95,104),(317,'7891000316','SSD Samsung Pro 8',2103.5,164),(318,'7891000317','SSD Asus Pro 9',2609.35,161),(319,'7891000318','Fonte HyperX Pro 2',1498.56,110),(320,'7891000319','Gabinete HP Pro 3',1079.65,60),(321,'7891000320','Mouse HyperX Pro 2',101.99,30),(322,'7891000321','Gabinete Samsung Pro 9',3044.66,56),(323,'7891000322','RAM Dell Pro 4',2779.75,15),(324,'7891000323','Monitor HP Pro 2',1422.23,6),(325,'7891000324','RAM HyperX Pro 4',2419.15,131),(326,'7891000325','SSD Corsair Pro 1',275.05,40),(327,'7891000326','RAM Razer Pro 2',854.21,18),(328,'7891000327','Webcam Dell Pro 3',2482.12,166),(329,'7891000328','Webcam HP Pro 4',662.58,173),(330,'7891000329','Fonte HyperX Pro 7',1185.36,193),(331,'7891000330','RAM HyperX Pro 8',2997.78,163),(332,'7891000331','Headset Razer Pro 1',3477.15,127),(333,'7891000332','Cabo Corsair Pro 2',290.64,186),(334,'7891000333','SSD Razer Pro 4',3116.95,25),(335,'7891000334','Webcam Asus Pro 9',3052.96,89),(336,'7891000335','SSD HP Pro 6',2327.26,101),(337,'7891000336','Cabo Dell Pro 1',2545.69,177),(338,'7891000337','Gabinete Samsung Pro 1',497.68,67),(339,'7891000338','Cabo Asus Pro 1',966.75,34),(340,'7891000339','RAM Samsung Pro 8',2720.93,163),(341,'7891000340','Webcam HP Pro 9',1681.29,110),(342,'7891000341','Fonte Razer Pro 5',3139.83,49),(343,'7891000342','Mouse Dell Pro 4',534.89,86),(344,'7891000343','Monitor Logitech Pro 5',127.16,37),(345,'7891000344','Cabo Logitech Pro 2',1303,22),(346,'7891000345','Mouse Razer Pro 5',3181.69,72),(347,'7891000346','Webcam Logitech Pro 1',2356.55,197),(348,'7891000347','Webcam HP Pro 5',654.34,21),(349,'7891000348','Headset Corsair Pro 2',390.7,66),(350,'7891000349','Webcam HP Pro 7',2888.18,107),(351,'7891000350','SSD HyperX Pro 5',960.03,87),(352,'7891000351','Mouse Logitech Pro 9',1075.64,136),(353,'7891000352','SSD Dell Pro 5',1080.2,8),(354,'7891000353','Gabinete Razer Pro 5',1228.14,35),(355,'7891000354','Teclado Corsair Pro 7',3488.05,20),(356,'7891000355','Gabinete Dell Pro 3',3101.61,11),(357,'7891000356','Mouse Razer Pro 7',3379.77,25),(358,'7891000357','Webcam Asus Pro 1',3356.86,8),(359,'7891000358','RAM Corsair Pro 6',577.46,192),(360,'7891000359','Headset Dell Pro 6',2894.2,112),(361,'7891000360','RAM HyperX Pro 9',3011.12,86),(362,'7891000361','Cabo Logitech Pro 3',2893.61,47),(363,'7891000362','Fonte Razer Pro 1',113.26,83),(364,'7891000363','SSD Razer Pro 4',1235.75,86),(365,'7891000364','Monitor Asus Pro 7',1738.17,89),(366,'7891000365','Gabinete Dell Pro 3',565.81,105),(367,'7891000366','Webcam Asus Pro 3',625.35,50),(368,'7891000367','SSD Corsair Pro 1',1131.97,192),(369,'7891000368','Fonte HyperX Pro 3',508.67,108),(370,'7891000369','Headset Razer Pro 4',2387.46,160),(371,'7891000370','Gabinete HP Pro 7',758.22,15),(372,'7891000371','SSD Samsung Pro 9',921.31,56),(373,'7891000372','SSD HP Pro 8',644.83,126),(374,'7891000373','Fonte Samsung Pro 4',1381.3,163),(375,'7891000374','SSD HyperX Pro 5',2986.54,152),(376,'7891000375','Monitor Dell Pro 4',2566.07,26),(377,'7891000376','Cabo HyperX Pro 3',3023.49,124),(378,'7891000377','Monitor Logitech Pro 2',3166.53,33),(379,'7891000378','RAM HP Pro 7',2566.68,139),(380,'7891000379','Fonte HyperX Pro 5',1848.47,23),(381,'7891000380','Fonte Corsair Pro 6',559.42,174),(382,'7891000381','Monitor Corsair Pro 7',3138.55,71),(383,'7891000382','Webcam Asus Pro 9',1406.63,123),(384,'7891000383','RAM HyperX Pro 3',3003.12,181),(385,'7891000384','Teclado Razer Pro 9',1244.2,82),(386,'7891000385','Cabo HyperX Pro 7',603.27,185),(387,'7891000386','Cabo HP Pro 4',103.16,119),(388,'7891000387','RAM HP Pro 9',3264.08,157),(389,'7891000388','Fonte Corsair Pro 8',2362.24,149),(390,'7891000389','Cabo Dell Pro 4',2432.34,116),(391,'7891000390','SSD Razer Pro 8',1391.12,58),(392,'7891000391','Teclado Corsair Pro 2',2830.4,171),(393,'7891000392','Monitor Corsair Pro 1',279.55,113),(394,'7891000393','Teclado Logitech Pro 4',2197.33,67),(395,'7891000394','SSD HP Pro 2',2448.15,117),(396,'7891000395','Monitor Samsung Pro 7',712.05,126),(397,'7891000396','Monitor Asus Pro 8',2471.51,52),(398,'7891000397','Teclado Corsair Pro 4',959.06,108),(399,'7891000398','Webcam HP Pro 9',2227.57,171),(400,'7891000399','SSD Logitech Pro 1',2959.72,198),(401,'7891000400','SSD Dell Pro 9',1983.04,161),(402,'7891000401','Monitor Logitech Pro 5',1738.81,72),(403,'7891000402','Webcam Dell Pro 1',834.86,158),(404,'7891000403','Fonte HyperX Pro 5',3115.88,192),(405,'7891000404','Teclado Razer Pro 2',95.73,178),(406,'7891000405','Mouse HP Pro 3',2719.83,88),(407,'7891000406','Monitor Samsung Pro 9',2915.26,84),(408,'7891000407','RAM HyperX Pro 2',2881.43,96),(409,'7891000408','RAM Asus Pro 2',828.6,18),(410,'7891000409','Cabo Corsair Pro 2',798.4,137),(411,'7891000410','Fonte HyperX Pro 4',314.72,8),(412,'7891000411','Teclado HyperX Pro 1',2437.78,38),(413,'7891000412','Gabinete Corsair Pro 8',1375.89,135),(414,'7891000413','Monitor Corsair Pro 5',71.08,5),(415,'7891000414','Gabinete Razer Pro 8',2014.23,177),(416,'7891000415','Gabinete Logitech Pro 5',2610.87,152),(417,'7891000416','Webcam Dell Pro 4',2412.44,21),(418,'7891000417','Gabinete Corsair Pro 7',1324.65,84),(419,'7891000418','Cabo Logitech Pro 8',2082.91,133),(420,'7891000419','Teclado HP Pro 3',2717.93,161),(421,'7891000420','SSD Samsung Pro 3',3211.22,103),(422,'7891000421','Gabinete Corsair Pro 7',3159.4,140),(423,'7891000422','Monitor Corsair Pro 6',2494.3,109),(424,'7891000423','Webcam Samsung Pro 6',1419.24,53),(425,'7891000424','Fonte Corsair Pro 3',1809.03,12),(426,'7891000425','Cabo HP Pro 1',1243.1,97),(427,'7891000426','Gabinete Corsair Pro 7',3008.3,159),(428,'7891000427','Monitor Asus Pro 6',1914.43,143),(429,'7891000428','Teclado Asus Pro 3',64.46,99),(430,'7891000429','Headset Dell Pro 1',3470.69,194),(431,'7891000430','RAM HP Pro 3',3434.56,173),(432,'7891000431','Cabo Asus Pro 3',808.49,169),(433,'7891000432','Teclado HP Pro 4',1305.2,70),(434,'7891000433','SSD Corsair Pro 7',428.3,57),(435,'7891000434','SSD Dell Pro 4',2957.12,100),(436,'7891000435','Mouse Corsair Pro 1',2843.98,176),(437,'7891000436','Gabinete HP Pro 4',2996.69,147),(438,'7891000437','Headset Razer Pro 6',2391.92,51),(439,'7891000438','SSD Dell Pro 7',1048.36,49),(440,'7891000439','RAM HP Pro 5',2276.32,97),(441,'7891000440','SSD Dell Pro 4',309.15,43),(442,'7891000441','RAM HyperX Pro 8',2298.82,52),(443,'7891000442','RAM Asus Pro 3',640.69,18),(444,'7891000443','Monitor HP Pro 1',3461.4,36),(445,'7891000444','Cabo HP Pro 1',3261.2,186),(446,'7891000445','Teclado HyperX Pro 3',3410.13,15),(447,'7891000446','Gabinete Dell Pro 9',1787.78,185),(448,'7891000447','Cabo HP Pro 4',1682.41,135),(449,'7891000448','SSD Logitech Pro 7',3325.15,164),(450,'7891000449','Fonte Corsair Pro 6',1082.92,197),(451,'7891000450','Webcam Logitech Pro 8',1240.82,116),(452,'7891000451','Mouse HyperX Pro 5',2905.84,14),(453,'7891000452','Fonte Samsung Pro 4',1993.68,159),(454,'7891000453','Headset Samsung Pro 3',3465.75,107),(455,'7891000454','Teclado Razer Pro 5',1366.03,12),(456,'7891000455','Gabinete Dell Pro 2',1693.46,46),(457,'7891000456','Mouse Logitech Pro 3',1530.19,154),(458,'7891000457','Webcam Dell Pro 3',2462.39,129),(459,'7891000458','Mouse Samsung Pro 6',1048.55,110),(460,'7891000459','Fonte Razer Pro 3',1072.6,177),(461,'7891000460','Monitor HP Pro 9',2938.51,159),(462,'7891000461','SSD Razer Pro 8',3308.54,103),(463,'7891000462','SSD Samsung Pro 9',2437.6,175),(464,'7891000463','Gabinete Samsung Pro 2',1052.35,68),(465,'7891000464','Headset Logitech Pro 1',119.03,63),(466,'7891000465','SSD Razer Pro 3',524.9,160),(467,'7891000466','Webcam Samsung Pro 1',75.63,39),(468,'7891000467','RAM Logitech Pro 2',1028.16,63),(469,'7891000468','Teclado Corsair Pro 5',2332.35,199),(470,'7891000469','Gabinete Razer Pro 5',1831.46,49),(471,'7891000470','RAM Logitech Pro 6',842.33,188),(472,'7891000471','Cabo Razer Pro 8',2120.71,155),(473,'7891000472','Mouse HP Pro 4',2177.25,175),(474,'7891000473','Cabo Asus Pro 9',2791.94,34),(475,'7891000474','Teclado HyperX Pro 9',504.01,171),(476,'7891000475','SSD HP Pro 6',3350.69,45),(477,'7891000476','Teclado Asus Pro 2',1662.49,181),(478,'7891000477','Fonte Asus Pro 8',176.48,82),(479,'7891000478','RAM HP Pro 6',1517.84,9),(480,'7891000479','Cabo Razer Pro 3',2201.15,35),(481,'7891000480','Fonte Asus Pro 5',3315.31,48),(482,'7891000481','Teclado HyperX Pro 1',37.18,47),(483,'7891000482','Webcam Dell Pro 3',108.18,113),(484,'7891000483','Monitor HP Pro 8',2658,101),(485,'7891000484','RAM Razer Pro 7',2245.68,159),(486,'7891000485','Headset Corsair Pro 7',2717.84,88),(487,'7891000486','Monitor HyperX Pro 1',1028.77,87),(488,'7891000487','RAM Dell Pro 7',3054.02,68),(489,'7891000488','SSD Razer Pro 6',313.9,130),(490,'7891000489','Monitor Razer Pro 5',2795.07,180),(491,'7891000490','Mouse Logitech Pro 4',1192.53,93),(492,'7891000491','Teclado Logitech Pro 6',1419.33,53),(493,'7891000492','Teclado Razer Pro 8',1689.92,155),(494,'7891000493','Monitor Razer Pro 2',2528.5,124),(495,'7891000494','Fonte HyperX Pro 1',1560.4,95),(496,'7891000495','Fonte Corsair Pro 4',2304.6,136),(497,'7891000496','Cabo Samsung Pro 9',2185.25,135),(498,'7891000497','Gabinete Corsair Pro 4',1597.66,169),(499,'7891000498','RAM Samsung Pro 8',822.96,159),(500,'7891000499','SSD HyperX Pro 5',1402.12,190);
/*!40000 ALTER TABLE `produto` ENABLE KEYS */;
UNLOCK TABLES;

--
-- Current Database: `dbgabriel2`
--

CREATE DATABASE /*!32312 IF NOT EXISTS*/ `dbgabriel2` /*!40100 DEFAULT CHARACTER SET utf8mb4 COLLATE utf8mb4_general_ci */;

USE `dbgabriel2`;

--
-- Table structure for table `cliente`
--

DROP TABLE IF EXISTS `cliente`;
/*!40101 SET @saved_cs_client     = @@character_set_client */;
/*!40101 SET character_set_client = utf8 */;
CREATE TABLE `cliente` (
  `id` int(11) NOT NULL AUTO_INCREMENT,
  `nome` varchar(100) NOT NULL,
  `endereco` varchar(150) DEFAULT NULL,
  `cpf/cgc` varchar(20) DEFAULT NULL,
  `sexo` char(1) DEFAULT NULL,
  `estado_civil` varchar(20) DEFAULT NULL,
  `data_nascimento` date DEFAULT NULL,
  `profissao` varchar(50) DEFAULT NULL,
  `telefone` varchar(20) DEFAULT NULL,
  `email` varchar(100) DEFAULT NULL,
  PRIMARY KEY (`id`)
) ENGINE=InnoDB AUTO_INCREMENT=103 DEFAULT CHARSET=utf8mb4 COLLATE=utf8mb4_general_ci;
/*!40101 SET character_set_client = @saved_cs_client */;

--
-- Dumping data for table `cliente`
--

LOCK TABLES `cliente` WRITE;
/*!40000 ALTER TABLE `cliente` DISABLE KEYS */;
INSERT INTO `cliente` VALUES (1,'Gabriel Perim Gomes','Rua da Boca, 12, Coramara','17782727707','M','Solteiro','1990-05-15','Técnico em Informática','28999372693','gabrielperimgomes@gmail.com'),(2,'Ana Carolina Silva','Av. Brasil, 1000, São Paulo','12345678901','F','Casado','1985-08-22','Advogada','11987654321','ana.silva@email.com'),(3,'Bruno Ferreira Costa','Rua das Flores, 45, Rio de Janeiro','23456789012','M','Solteiro','1992-11-10','Engenheiro Civil','21987654322','bruno.costa@email.com'),(4,'Carla Mendes Rocha','Praça da Sé, 300, São Paulo','34567890123','F','Divorciado','1980-03-05','Médica','11976543210','carla.rocha@email.com'),(5,'Daniel Souza Lima','Rua Augusta, 1500, São Paulo','45678901234','M','Casado','1975-12-01','Arquiteto','11965432109','daniel.lima@email.com'),(6,'Elaine Pereira Dias','Rua das Acácias, 78, Belo Horizonte','56789012345','F','Solteiro','1995-02-18','Psicóloga','31987654321','elaine.dias@email.com'),(7,'Fábio Henrique Oliveira','Av. Paulista, 2000, São Paulo','67890123456','M','Casado','1988-07-30','Administrador','11954321098','fabio.oliveira@email.com'),(8,'Gabriela Martins Alves','Rua XV de Novembro, 500, Curitiba','78901234567','F','Viúvo','1970-09-12','Professora','41987654321','gabriela.alves@email.com'),(9,'Heitor Carvalho Nunes','Rua do Comércio, 88, Salvador','89012345678','M','Solteiro','2000-01-25','Estudante','71987654321','heitor.nunes@email.com'),(10,'Isabela Freitas Lopes','Av. Beira Mar, 250, Fortaleza','90123456789','F','Casado','1982-06-14','Jornalista','85987654321','isabela.lopes@email.com'),(11,'João Pedro Almeida','Rua dos Pinheiros, 320, Porto Alegre','01234567890','M','Divorciado','1978-04-03','Contador','51987654321','joao.almeida@email.com'),(12,'Karina Rodrigues Faria','Rua das Palmeiras, 12, Recife','11223344556','F','Solteiro','1993-10-28','Nutricionista','81987654321','karina.faria@email.com'),(13,'Leonardo Augusto Mendes','Av. Independência, 777, Brasília','22334455667','M','Casado','1987-12-05','Médico Veterinário','61987654321','leonardo.mendes@email.com'),(14,'Mariana Teixeira Borges','Rua Santo Antônio, 43, Goiânia','33445566778','F','Viúvo','1965-07-19','Farmacêutica','62987654321','mariana.borges@email.com'),(15,'Nicolas Ferreira Santos','Av. Central, 1020, Manaus','44556677889','M','Solteiro','1998-09-08','Programador','92987654321','nicolas.santos@email.com'),(16,'Olivia Cardoso Rocha','Rua da Paz, 67, Belém','55667788990','F','Casado','1991-01-17','Arquiteta','91987654321','olivia.rocha@email.com'),(17,'Paulo Henrique Gomes','Av. Rio Branco, 500, Vitória','66778899001','M','Divorciado','1973-11-11','Engenheiro Elétrico','27987654321','paulo.gomes@email.com'),(18,'Quintino Ribeiro Dias','Rua Marechal Deodoro, 88, Natal','77889900112','M','Solteiro','1989-04-22','Professor','84987654321','quintino.dias@email.com'),(19,'Renata Lopes Vieira','Rua Uruguai, 333, Campo Grande','88990011223','F','Casado','1984-08-09','Dentista','67987654321','renata.vieira@email.com'),(20,'Samuel Batista Araújo','Av. Getúlio Vargas, 200, Cuiabá','99001122334','M','Viúvo','1968-03-27','Economista','65987654321','samuel.araujo@email.com'),(21,'Tatiana Gonçalves Moura','Rua do Sol, 150, São Luís','10111213141','F','Solteiro','1996-06-06','Publicitária','98987654321','tatiana.moura@email.com'),(22,'Ubiratan Cardoso Neves','Rua das Orquídeas, 75, Aracaju','12131415161','M','Casado','1981-10-30','Analista de Sistemas','79987654321','ubiratan.neves@email.com'),(23,'Valentina Rocha Pinto','Av. Tancredo Neves, 400, João Pessoa','13141516171','F','Divorciado','1979-12-14','Psicóloga','83987654321','valentina.pinto@email.com'),(24,'Wagner Lima Cunha','Rua das Laranjeiras, 22, Teresina','14151617181','M','Solteiro','1994-05-21','Bancário','86987654321','wagner.cunha@email.com'),(25,'Xênia Barbosa Mendes','Rua do Comércio, 180, Maceió','15161718191','F','Casado','1986-09-17','Assistente Social','82987654321','xenia.mendes@email.com'),(26,'Yuri Fernandes Castro','Av. Brasil, 550, Porto Velho','16171819202','M','Viúvo','1971-02-08','Geólogo','69987654321','yuri.castro@email.com'),(27,'Zuleica Pires Nogueira','Rua Amazonas, 90, Macapá','17181920212','F','Solteiro','1997-07-12','Enfermeira','96987654321','zuleica.nogueira@email.com'),(28,'Alberto Nunes Faria','Av. dos Estados, 300, Boa Vista','18192021222','M','Casado','1983-04-25','Mecânico','95987654321','alberto.faria@email.com'),(29,'Bianca Martins Sousa','Rua Rio Branco, 44, Palmas','19202122232','F','Divorciado','1977-11-02','Designer','63987654321','bianca.sousa@email.com'),(30,'César Oliveira Ramos','Rua 7 de Setembro, 120, Rio Branco','20212223242','M','Solteiro','1999-08-19','Técnico em Eletrônica','68987654321','cesar.ramos@email.com'),(31,'Débora Carvalho Lins','Rua da Aurora, 60, Florianópolis','21222324252','F','Casado','1991-03-11','Fisioterapeuta','48987654321','debora.lins@email.com'),(32,'Eduardo Barbosa Melo','Av. República, 800, São Paulo','22232425262','M','Viúvo','1963-06-28','Aposentado','11943210987','eduardo.melo@email.com'),(33,'Fernanda Rios Duarte','Rua das Hortênsias, 30, Gramado','23242526272','F','Solteiro','1989-10-04','Cozinheira','54987654321','fernanda.duarte@email.com'),(34,'Gustavo Henrique Lopes','Rua Uruguai, 500, Niterói','24252627282','M','Casado','1984-12-15','Corretor de Imóveis','21987654323','gustavo.lopes@email.com'),(35,'Helena Alves Batista','Av. Portugal, 200, Santos','25262728292','F','Divorciado','1974-09-09','Vendedora','13987654321','helena.batista@email.com'),(36,'Igor Santana Rocha','Rua das Pedras, 65, Búzios','26272829302','M','Solteiro','1995-01-20','Barman','22987654321','igor.rocha@email.com'),(37,'Jéssica Correia Neves','Rua do Porto, 45, Paraty','27282930312','F','Casado','1987-07-07','Guia de Turismo','24987654321','jessica.neves@email.com'),(38,'Kleber Machado Silva','Av. Marginal, 1000, Guarulhos','28293031322','M','Viúvo','1969-02-14','Motorista','11987654322','kleber.silva@email.com'),(39,'Larissa Figueiredo Costa','Rua das Camélias, 88, Campinas','29303132332','F','Solteiro','1993-11-18','Bióloga','19987654321','larissa.costa@email.com'),(40,'Marcelo Andrade Pinto','Rua do Lazer, 77, São José dos Campos','30313233342','M','Casado','1982-05-23','Piloto de Avião','12987654321','marcelo.pinto@email.com'),(41,'Natália Gonçalves Vieira','Av. do Sol, 333, Ribeirão Preto','31323334352','F','Divorciado','1976-08-29','Arquiteta','16987654321','natalia.vieira@email.com'),(42,'Otávio Cardoso Lima','Rua dos Jardins, 22, Sorocaba','32333435362','M','Solteiro','1996-12-12','Programador','15987654321','otavio.lima@email.com'),(43,'Priscila Mendes Ribeiro','Rua do Bosque, 55, São Bernardo do Campo','33343536372','F','Casado','1988-03-26','Secretária','11987654324','priscila.ribeiro@email.com'),(44,'Rafael Dias Nogueira','Av. dos Bandeirantes, 400, Santo André','34353637382','M','Viúvo','1960-10-10','Pedreiro','11987654325','rafael.nogueira@email.com'),(45,'Sabrina Lopes Pereira','Rua das Rosas, 90, Osasco','35363738392','F','Solteiro','1994-04-17','Modelo','11987654326','sabrina.pereira@email.com'),(46,'Thiago Oliveira Faria','Rua do Mercado, 15, São Caetano do Sul','36373839302','M','Casado','1981-09-21','Vendedor','11987654327','thiago.faria@email.com'),(47,'Ursula Batista Rocha','Rua da Igreja, 40, Diadema','37383940412','F','Divorciado','1972-06-13','Doceira','11987654328','ursula.rocha@email.com'),(48,'Vitor Hugo Souza','Av. dos Autonomistas, 120, Mauá','38394041422','M','Solteiro','1997-02-02','Eletricista','11987654329','vitor.souza@email.com'),(49,'Wanessa Cristine Alves','Rua da Liberdade, 300, São Paulo','39404142432','F','Casado','1990-07-16','Cabeleireira','11987654330','wanessa.alves@email.com'),(50,'Xavier Coelho Neto','Rua Bela Vista, 200, São Paulo','40414243442','M','Viúvo','1955-12-30','Aposentado','11987654331','xavier.neto@email.com'),(51,'Yasmin Barros Cardoso','Rua dos Estudantes, 50, São Paulo','41424344452','F','Solteiro','1999-05-09','Estudante','11987654332','yasmin.cardoso@email.com'),(52,'Zacarias Antunes Silva','Rua da Harmonia, 77, São Paulo','42434445462','M','Casado','1985-11-19','Carpinteiro','11987654333','zacarias.silva@email.com'),(53,'Adriana Souza Melo','Rua das Margaridas, 33, Belo Horizonte','43444546472','F','Divorciado','1978-01-24','Gerente de Vendas','31987654322','adriana.melo@email.com'),(54,'Bernardo Rocha Lima','Av. do Contorno, 1500, Belo Horizonte','44454647482','M','Solteiro','1992-08-05','Analista Financeiro','31987654323','bernardo.lima@email.com'),(55,'Camila Fernandes Pires','Rua Tupis, 320, Belo Horizonte','45464748492','F','Casado','1986-10-27','Fonoaudióloga','31987654324','camila.pires@email.com'),(56,'Diego Martins Castro','Rua da Bahia, 450, Belo Horizonte','46474849502','M','Viúvo','1967-04-08','Porteiro','31987654325','diego.castro@email.com'),(57,'Erika Nunes Ribeiro','Rua São Paulo, 280, Belo Horizonte','47484950512','F','Solteiro','1993-12-02','Recepcionista','31987654326','erika.ribeiro@email.com'),(58,'Felipe Andrade Gomes','Av. Afonso Pena, 1000, Belo Horizonte','48495051522','M','Casado','1983-09-14','Advogado','31987654327','felipe.gomes@email.com'),(59,'Giovanna Lemos Dias','Rua dos Guaicurus, 80, Belo Horizonte','49505152532','F','Divorciado','1975-02-18','Professora','31987654328','giovanna.dias@email.com'),(60,'Hugo Barbosa Costa','Rua da Pampulha, 55, Belo Horizonte','50515253542','M','Solteiro','1998-06-23','Garçom','31987654329','hugo.costa@email.com'),(61,'Inês Carvalho Fonseca','Rua Rio de Janeiro, 600, Belo Horizonte','51525354552','F','Casado','1980-11-11','Bancária','31987654330','ines.fonseca@email.com'),(62,'Jorge Luís Pereira','Rua Espírito Santo, 77, Belo Horizonte','52535455562','M','Viúvo','1962-07-01','Taxista','31987654331','jorge.pereira@email.com'),(63,'Kelly Souza Ramos','Rua Goiás, 90, Belo Horizonte','53545556572','F','Solteiro','1995-03-15','Esteticista','31987654332','kelly.ramos@email.com'),(64,'Leandro Batista Araújo','Rua Mato Grosso, 200, Belo Horizonte','54555657582','M','Casado','1989-10-01','Caminhoneiro','31987654333','leandro.araujo@email.com'),(65,'Mônica Rocha Vieira','Rua Pará, 150, Belo Horizonte','55565758592','F','Divorciado','1973-05-20','Consultora','31987654334','monica.vieira@email.com'),(66,'Nelson Farias Lima','Rua Amazonas, 400, Belo Horizonte','56575859602','M','Solteiro','1991-08-27','Segurança','31987654335','nelson.lima@email.com'),(67,'Olívia Mendes Cardoso','Rua Ceará, 88, Belo Horizonte','57585960612','F','Casado','1984-12-12','Jornalista','31987654336','olivia.cardoso@email.com'),(68,'Paulo Sérgio Nogueira','Rua Rio Grande do Sul, 300, Belo Horizonte','58596061622','M','Viúvo','1965-04-09','Pedreiro','31987654337','paulo.nogueira@email.com'),(69,'Quintiliano Alves Pinto','Rua Santa Catarina, 250, Belo Horizonte','59606162632','M','Solteiro','1997-11-28','Carteiro','31987654338','quintiliano.pinto@email.com'),(70,'Raquel Souza Costa','Rua Paraná, 180, Belo Horizonte','60616263642','F','Casado','1982-07-04','Arquiteta','31987654339','raquel.costa@email.com'),(71,'Sérgio Henrique Dias','Rua Pernambuco, 500, Belo Horizonte','61626364652','M','Divorciado','1970-02-19','Mecânico','31987654340','sergio.dias@email.com'),(72,'Tânia Rodrigues Faria','Rua Alagoas, 75, Belo Horizonte','62636465662','F','Solteiro','1994-09-13','Cabeleireira','31987654341','tania.faria@email.com'),(73,'Ubiracy Lopes Mendes','Rua Sergipe, 110, Belo Horizonte','63646566672','M','Casado','1986-01-25','Vigilante','31987654342','ubiracy.mendes@email.com'),(74,'Vânia Cristina Rocha','Rua Bahia, 95, Belo Horizonte','64656667682','F','Viúvo','1968-10-06','Aposentada','31987654343','vania.rocha@email.com'),(75,'Washington Luiz Silva','Rua Minas Gerais, 400, Belo Horizonte','65666768692','M','Solteiro','1990-03-29','Eletricista','31987654344','washington.silva@email.com'),(76,'Xênia Campos Vieira','Rua Distrito Federal, 50, Belo Horizonte','66676869702','F','Casado','1987-06-17','Enfermeira','31987654345','xenia.vieira@email.com'),(77,'Yuri Alberto Nascimento','Rua Tocantins, 60, Belo Horizonte','67686970712','M','Divorciado','1977-12-23','Pintor','31987654346','yuri.nascimento@email.com'),(78,'Zilda Maria Cardoso','Rua Rondônia, 140, Belo Horizonte','68697071722','F','Solteiro','1996-05-08','Doceira','31987654347','zilda.cardoso@email.com'),(79,'Alexandre Ferreira Lima','Rua Acre, 80, Belo Horizonte','69707172732','M','Casado','1981-09-30','Marceneiro','31987654348','alexandre.lima@email.com'),(80,'Bárbara Cristina Rocha','Rua Amapá, 30, Belo Horizonte','70717273742','F','Viúvo','1964-11-14','Costureira','31987654349','barbara.rocha@email.com'),(81,'Carlos Eduardo Martins','Rua Roraima, 45, Belo Horizonte','71727374752','M','Solteiro','1992-07-19','Chef de Cozinha','31987654350','carlos.martins@email.com'),(82,'Denise Aparecida Souza','Rua Maranhão, 220, Belo Horizonte','72737475762','F','Casado','1985-02-11','Gerente de RH','31987654351','denise.souza@email.com'),(83,'Edson Luís Pereira','Rua Piauí, 90, Belo Horizonte','73747576772','M','Divorciado','1974-08-03','Motorista de Ônibus','31987654352','edson.pereira@email.com'),(84,'Flávia Regina Alves','Rua Rio Grande do Norte, 160, Belo Horizonte','74757677782','F','Solteiro','1998-01-22','Farmacêutica','31987654353','flavia.alves@email.com'),(85,'Geraldo Magela Nunes','Rua Paraíba, 270, Belo Horizonte','75767778792','M','Casado','1982-10-27','Bombeiro','31987654354','geraldo.nunes@email.com'),(86,'Heloísa Cristina Dias','Rua Mato Grosso do Sul, 35, Belo Horizonte','76777879802','F','Viúvo','1966-05-12','Professora Aposentada','31987654355','heloisa.dias@email.com'),(87,'Ivan José Cardoso','Rua Brasília, 420, Belo Horizonte','77787980812','M','Solteiro','1993-12-06','Reporter','31987654356','ivan.cardoso@email.com'),(88,'Juliana Batista Lopes','Rua Salvador, 85, Belo Horizonte','78798081822','F','Casado','1988-04-18','Dentista','31987654357','juliana.lopes@email.com'),(89,'Kátia Rodrigues Silva','Rua Fortaleza, 140, Belo Horizonte','79808182832','F','Divorciado','1979-09-21','Assistente Administrativo','31987654358','katia.silva@email.com'),(90,'Luciano Augusto Costa','Rua Recife, 70, Belo Horizonte','80818283842','M','Solteiro','1995-06-30','Cientista de Dados','31987654359','luciano.costa@email.com'),(91,'Marlene Aparecida Rocha','Rua Porto Alegre, 55, Belo Horizonte','81828384852','F','Casado','1983-11-02','Contadora','31987654360','marlene.rocha@email.com'),(92,'Nilton César Vieira','Rua Curitiba, 195, Belo Horizonte','82838485862','M','Viúvo','1961-07-15','Jardineiro','31987654361','nilton.vieira@email.com'),(93,'Orlando Ferreira Mendes','Rua Manaus, 88, Belo Horizonte','83848586872','M','Solteiro','1990-10-10','Bancário','31987654362','orlando.mendes@email.com'),(94,'Patrícia Helena Gomes','Rua Belém, 34, Belo Horizonte','84858687882','F','Casado','1987-01-28','Psicóloga','31987654363','patricia.gomes@email.com'),(95,'Ronaldo Souza Dias','Rua Vitória, 102, Belo Horizonte','85868788892','M','Divorciado','1976-04-05','Padeiro','31987654364','ronaldo.dias@email.com'),(96,'Sílvia Cristina Ramos','Rua Florianópolis, 44, Belo Horizonte','86878889902','F','Solteiro','1999-08-14','Designer de Moda','31987654365','silvia.ramos@email.com'),(97,'Tomás Augusto Cardoso','Rua João Pessoa, 66, Belo Horizonte','87888990912','M','Casado','1984-03-07','Engenheiro de Software','31987654366','tomas.cardoso@email.com'),(98,'Ubiratã Barbosa Lima','Rua Aracaju, 28, Belo Horizonte','88899091922','M','Viúvo','1969-12-19','Serralheiro','31987654367','ubirata.lima@email.com'),(99,'Valéria Cristina Nogueira','Rua Maceió, 77, Belo Horizonte','89909192932','F','Solteiro','1992-02-24','Fisioterapeuta','31987654368','valeria.nogueira@email.com'),(100,'Wesley Henrique Castro','Rua Teresina, 310, Belo Horizonte','90919293942','M','Casado','1985-06-09','Analista de TI','31987654369','wesley.castro@email.com'),(101,'Yara Beatriz Rocha','Rua São Luís, 50, Belo Horizonte','91929394952','F','Divorciado','1978-10-16','Cozinheira','31987654370','yara.rocha@email.com'),(102,'Zaqueu Martins Alves','Rua Natal, 120, Belo Horizonte','92939495962','M','Solteiro','1994-07-22','Atendente','31987654371','zaqueu.alves@email.com');
/*!40000 ALTER TABLE `cliente` ENABLE KEYS */;
UNLOCK TABLES;

--
-- Table structure for table `compra_empresa`
--

DROP TABLE IF EXISTS `compra_empresa`;
/*!40101 SET @saved_cs_client     = @@character_set_client */;
/*!40101 SET character_set_client = utf8 */;
CREATE TABLE `compra_empresa` (
  `id` int(11) NOT NULL AUTO_INCREMENT,
  `fornecedor` int(11) DEFAULT NULL,
  `produtos_adquiridos` text DEFAULT NULL,
  `qtd_produtos` int(11) DEFAULT NULL,
  `data_compra` date DEFAULT NULL,
  `valor_compra` float DEFAULT NULL,
  PRIMARY KEY (`id`),
  KEY `compra_empresa_ibfk_1` (`fornecedor`),
  CONSTRAINT `compra_empresa_ibfk_1` FOREIGN KEY (`fornecedor`) REFERENCES `fornecedores` (`id`)
) ENGINE=InnoDB AUTO_INCREMENT=30 DEFAULT CHARSET=utf8mb4 COLLATE=utf8mb4_general_ci;
/*!40101 SET character_set_client = @saved_cs_client */;

--
-- Dumping data for table `compra_empresa`
--

LOCK TABLES `compra_empresa` WRITE;
/*!40000 ALTER TABLE `compra_empresa` DISABLE KEYS */;
INSERT INTO `compra_empresa` VALUES (1,1,'Gabinete Corsair Pro 4',12,'0000-00-00',1322.21),(2,1,'Gabinete Corsair Pro 4',12,'2026-04-08',1322.21),(3,2,'Fonte Corsair 650W',8,'2026-04-07',2890.5),(4,3,'SSD Kingston 1TB',15,'2026-04-06',4500),(5,4,'Memória RAM DDR4 16GB',20,'2026-04-05',6200.75),(6,5,'Placa de Vídeo RTX 4060',5,'2026-04-04',15000),(7,6,'Processador Ryzen 5 5600X',7,'2026-04-03',9800.4),(8,7,'Placa Mãe ASUS B550',10,'2026-04-02',7200),(9,8,'HD Seagate 2TB',18,'2026-04-01',5400.9),(10,9,'Cooler Gamer RGB',25,'2026-03-31',3750),(11,10,'Teclado Mecânico Redragon',30,'2026-03-30',4500),(12,1,'Mouse Gamer Logitech G203',40,'2026-03-29',5200),(13,2,'Monitor LG 24 Full HD',12,'2026-03-28',9600),(14,3,'Headset HyperX Cloud',16,'2026-03-27',6400),(15,4,'Notebook Dell Inspiron',4,'2026-03-26',12000),(16,5,'Impressora HP LaserJet',6,'2026-03-25',7200),(17,6,'Roteador TP-Link AC1200',14,'2026-03-24',3500),(18,7,'Switch 8 Portas Gigabit',10,'2026-03-23',2800),(19,8,'Cabo HDMI 2m',50,'2026-03-22',1500),(20,9,'Cabo de Rede Cat6',60,'2026-03-21',1800),(21,10,'Estabilizador 500VA',12,'2026-03-20',2400),(22,1,'Nobreak APC 1200VA',5,'2026-03-19',3500),(23,2,'Webcam Logitech HD',18,'2026-03-18',2700),(24,3,'Microfone Condensador',9,'2026-03-17',2100),(25,4,'Mesa Digitalizadora Wacom',3,'2026-03-16',1800),(26,5,'Caixa de Som JBL',11,'2026-03-15',3300),(27,6,'Smart TV Samsung 50',2,'2026-03-14',5000),(28,7,'Projetor Epson XGA',4,'2026-03-13',6800),(29,8,'Scanner Canon',6,'2026-03-12',2400);
/*!40000 ALTER TABLE `compra_empresa` ENABLE KEYS */;
UNLOCK TABLES;

--
-- Table structure for table `departamentos`
--

DROP TABLE IF EXISTS `departamentos`;
/*!40101 SET @saved_cs_client     = @@character_set_client */;
/*!40101 SET character_set_client = utf8 */;
CREATE TABLE `departamentos` (
  `id` int(11) NOT NULL AUTO_INCREMENT,
  `codigo` varchar(20) NOT NULL,
  `descricao` varchar(100) DEFAULT NULL,
  PRIMARY KEY (`id`)
) ENGINE=InnoDB AUTO_INCREMENT=11 DEFAULT CHARSET=utf8mb4 COLLATE=utf8mb4_general_ci;
/*!40101 SET character_set_client = @saved_cs_client */;

--
-- Dumping data for table `departamentos`
--

LOCK TABLES `departamentos` WRITE;
/*!40000 ALTER TABLE `departamentos` DISABLE KEYS */;
INSERT INTO `departamentos` VALUES (1,'1','Técnico em Informática'),(2,'2','Financeiro'),(3,'3','RH'),(4,'4','Marketing e Comunicação'),(5,'5','Logística e Suprimentos'),(6,'6','Vendas e Comercial'),(7,'7','Jurídico'),(8,'8','Pesquisa e Desenvolvimento'),(9,'9','Atendimento ao Cliente'),(10,'10','Administração Geral');
/*!40000 ALTER TABLE `departamentos` ENABLE KEYS */;
UNLOCK TABLES;

--
-- Table structure for table `fornecedores`
--

DROP TABLE IF EXISTS `fornecedores`;
/*!40101 SET @saved_cs_client     = @@character_set_client */;
/*!40101 SET character_set_client = utf8 */;
CREATE TABLE `fornecedores` (
  `id` int(11) NOT NULL AUTO_INCREMENT,
  `razao_social` varchar(150) DEFAULT NULL,
  `nome_fantasia` varchar(150) DEFAULT NULL,
  `endereco` varchar(150) DEFAULT NULL,
  `cgc` varchar(20) DEFAULT NULL,
  `telefone` varchar(20) DEFAULT NULL,
  PRIMARY KEY (`id`)
) ENGINE=InnoDB AUTO_INCREMENT=51 DEFAULT CHARSET=utf8mb4 COLLATE=utf8mb4_general_ci;
/*!40101 SET character_set_client = @saved_cs_client */;

--
-- Dumping data for table `fornecedores`
--

LOCK TABLES `fornecedores` WRITE;
/*!40000 ALTER TABLE `fornecedores` DISABLE KEYS */;
INSERT INTO `fornecedores` VALUES (1,'Tech Solutions Brasil Ltda.','Tech Solutions','Av. Paulista, 1500, São Paulo','12345678000101','11 3522 1001'),(2,'Global Sistemas Ltda.','GlobalSys','Rua Augusta, 230, São Paulo','12345678000102','11 3522 1002'),(3,'InfoTech Comércio Ltda.','InfoTech','Av. Brasil, 450, Rio de Janeiro','12345678000103','21 3522 1003'),(4,'Digital World Ltda.','Digital World','Rua das Flores, 89, Curitiba','12345678000104','41 3522 1004'),(5,'Alpha Tecnologia Ltda.','AlphaTech','Av. Central, 1200, Belo Horizonte','12345678000105','31 3522 1005'),(6,'Beta Sistemas Ltda.','BetaSys','Rua XV de Novembro, 500, Curitiba','12345678000106','41 3522 1006'),(7,'Gamma Solutions Ltda.','Gamma','Av. Atlântica, 300, Rio de Janeiro','12345678000107','21 3522 1007'),(8,'Delta Informática Ltda.','Delta Info','Rua Sete de Setembro, 210, Porto Alegre','12345678000108','51 3522 1008'),(9,'Omega Tech Ltda.','Omega','Av. Amazonas, 980, Belo Horizonte','12345678000109','31 3522 1009'),(10,'Prime Sistemas Ltda.','PrimeSys','Rua A, 45, Campinas','12345678000110','19 3522 1010'),(11,'Nova Era Tecnologia Ltda.','NovaEra','Av. B, 200, Campinas','12345678000111','19 3522 1011'),(12,'Master Informática Ltda.','MasterInfo','Rua C, 320, São Paulo','12345678000112','11 3522 1012'),(13,'Vision Tech Ltda.','Vision','Av. D, 150, Rio de Janeiro','12345678000113','21 3522 1013'),(14,'Cloud Solutions Ltda.','CloudSol','Rua E, 98, Curitiba','12345678000114','41 3522 1014'),(15,'Smart Sistemas Ltda.','SmartSys','Av. F, 777, Belo Horizonte','12345678000115','31 3522 1015'),(16,'Future Tecnologia Ltda.','FutureTech','Rua G, 88, Porto Alegre','12345678000116','51 3522 1016'),(17,'Connect Informática Ltda.','Connect','Av. H, 345, Recife','12345678000117','81 3522 1017'),(18,'NextGen Sistemas Ltda.','NextGen','Rua I, 654, Salvador','12345678000118','71 3522 1018'),(19,'Power Tech Ltda.','PowerTech','Av. J, 432, Fortaleza','12345678000119','85 3522 1019'),(20,'Ultra Sistemas Ltda.','UltraSys','Rua K, 210, Brasília','12345678000120','61 3522 1020'),(21,'Sigma Tecnologia Ltda.','Sigma','Av. L, 890, Goiânia','12345678000121','62 3522 1021'),(22,'Vertex Informática Ltda.','Vertex','Rua M, 321, Manaus','12345678000122','92 3522 1022'),(23,'Inova Tech Ltda.','Inova','Av. N, 555, Belém','12345678000123','91 3522 1023'),(24,'Blue Sistemas Ltda.','BlueSys','Rua O, 777, Florianópolis','12345678000124','48 3522 1024'),(25,'Red Tecnologia Ltda.','RedTech','Av. P, 888, Vitória','12345678000125','27 3522 1025'),(26,'Green Informática Ltda.','GreenInfo','Rua Q, 999, Natal','12345678000126','84 3522 1026'),(27,'Black Systems Ltda.','BlackSys','Av. R, 111, João Pessoa','12345678000127','83 3522 1027'),(28,'White Tech Ltda.','WhiteTech','Rua S, 222, Maceió','12345678000128','82 3522 1028'),(29,'Orange Sistemas Ltda.','Orange','Av. T, 333, Teresina','12345678000129','86 3522 1029'),(30,'Purple Informática Ltda.','Purple','Rua U, 444, Aracaju','12345678000130','79 3522 1030'),(31,'Silver Tech Ltda.','Silver','Av. V, 555, Campo Grande','12345678000131','67 3522 1031'),(32,'Golden Sistemas Ltda.','Golden','Rua W, 666, Cuiabá','12345678000132','65 3522 1032'),(33,'Platinum Informática Ltda.','Platinum','Av. X, 777, Palmas','12345678000133','63 3522 1033'),(34,'Top Tecnologia Ltda.','TopTech','Rua Y, 888, São Luís','12345678000134','98 3522 1034'),(35,'Max Sistemas Ltda.','MaxSys','Av. Z, 999, Macapá','12345678000135','96 3522 1035'),(36,'Pro Informática Ltda.','ProInfo','Rua AA, 101, Rio Branco','12345678000136','68 3522 1036'),(37,'Elite Tech Ltda.','Elite','Av. AB, 202, Boa Vista','12345678000137','95 3522 1037'),(38,'Advanced Sistemas Ltda.','Advanced','Rua AC, 303, Porto Velho','12345678000138','69 3522 1038'),(39,'Core Tecnologia Ltda.','CoreTech','Av. AD, 404, São Paulo','12345678000139','11 3522 1039'),(40,'Base Informática Ltda.','Base','Rua AE, 505, Campinas','12345678000140','19 3522 1040'),(41,'Logic Sistemas Ltda.','Logic','Av. AF, 606, Curitiba','12345678000141','41 3522 1041'),(42,'Data Tech Ltda.','DataTech','Rua AG, 707, Belo Horizonte','12345678000142','31 3522 1042'),(43,'Net Informática Ltda.','NetInfo','Av. AH, 808, Rio de Janeiro','12345678000143','21 3522 1043'),(44,'Web Sistemas Ltda.','WebSys','Rua AI, 909, São Paulo','12345678000144','11 3522 1044'),(45,'Byte Tecnologia Ltda.','ByteTech','Av. AJ, 111, Recife','12345678000145','81 3522 1045'),(46,'Code Informática Ltda.','Code','Rua AK, 222, Salvador','12345678000146','71 3522 1046'),(47,'Dev Sistemas Ltda.','DevSys','Av. AL, 333, Fortaleza','12345678000147','85 3522 1047'),(48,'Tech Brasil Ltda.','TechBR','Rua AM, 444, Brasília','12345678000148','61 3522 1048'),(49,'Digital Brasil Ltda.','DigitalBR','Av. AN, 555, Goiânia','12345678000149','62 3522 1049'),(50,'Brasil Sistemas Ltda.','BrasilSys','Rua AO, 666, Porto Alegre','12345678000150','51 3522 1050');
/*!40000 ALTER TABLE `fornecedores` ENABLE KEYS */;
UNLOCK TABLES;

--
-- Table structure for table `funcionarios`
--

DROP TABLE IF EXISTS `funcionarios`;
/*!40101 SET @saved_cs_client     = @@character_set_client */;
/*!40101 SET character_set_client = utf8 */;
CREATE TABLE `funcionarios` (
  `id` int(11) NOT NULL AUTO_INCREMENT,
  `nome` varchar(100) NOT NULL,
  `endereco` varchar(150) DEFAULT NULL,
  `cpf` varchar(14) DEFAULT NULL,
  `sexo` char(1) DEFAULT NULL,
  `estado_civil` varchar(20) DEFAULT NULL,
  `data_nascimento` date DEFAULT NULL,
  `cargo` varchar(50) DEFAULT NULL,
  `telefone` varchar(20) DEFAULT NULL,
  `departamento` int(11) DEFAULT NULL,
  `salario` decimal(10,2) DEFAULT NULL,
  PRIMARY KEY (`id`),
  KEY `departamento` (`departamento`),
  CONSTRAINT `funcionarios_ibfk_1` FOREIGN KEY (`departamento`) REFERENCES `departamentos` (`id`)
) ENGINE=InnoDB AUTO_INCREMENT=28 DEFAULT CHARSET=utf8mb4 COLLATE=utf8mb4_general_ci;
/*!40101 SET character_set_client = @saved_cs_client */;

--
-- Dumping data for table `funcionarios`
--

LOCK TABLES `funcionarios` WRITE;
/*!40000 ALTER TABLE `funcionarios` DISABLE KEYS */;
INSERT INTO `funcionarios` VALUES (7,'Gabriel Perim Gomes','Rua da Boca, 12, Coramara','17782727707','M','Solteiro','2010-03-04','Gerente','28999373693',1,0.00),(8,'Lucas Almeida Souza','Rua das Flores, 123','52998224725','M','Solteiro','1992-03-14','Analista','11987654321',1,4500.00),(9,'Mariana Costa Ribeiro','Av. Paulista, 1000','16899535009','F','Casado','1988-07-22','Gerente','11987654322',2,9500.00),(10,'Gabriel Fernandes Lima','Rua Afonso Pena, 45','45317828791','M','Solteiro','1995-01-10','Desenvolvedor','11987654323',3,5200.00),(11,'Juliana Martins Rocha','Rua XV de Novembro, 78','11144477735','F','Divorciado','1990-09-05','Analista','11987654324',4,4800.00),(12,'Rafael Oliveira Santos','Rua Bela Vista, 90','93541134780','M','Casado','1985-12-18','Supervisor','11987654325',5,6100.00),(13,'Camila Pereira Gomes','Av. Brasil, 200','98765432100','F','Solteiro','1998-06-30','Assistente','11987654326',6,2800.00),(14,'Bruno Henrique Alves','Rua das Acácias, 55','71460238001','M','Casado','1993-11-11','Analista','11987654327',7,4700.00),(15,'Fernanda Souza Lima','Rua do Comércio, 67','39053344705','F','Solteiro','1997-04-25','Estagiario','11987654328',8,1800.00),(16,'Carlos Eduardo Pinto','Rua Central, 34','16257428730','M','Divorciado','1987-02-19','Gerente','11987654329',9,10200.00),(17,'Patricia Nogueira Silva','Av. Independência, 300','98765432199','F','Casado','1991-08-12','Analista','11987654330',10,4900.00),(18,'Diego Barbosa Freitas','Rua São João, 10','74185296300','M','Solteiro','1994-05-01','Desenvolvedor','11987654331',1,5300.00),(19,'Amanda Teixeira Costa','Rua das Palmeiras, 22','85274196355','F','Casado','1990-03-17','Coordenador','11987654332',2,7000.00),(20,'Leonardo Ribeiro Santos','Rua Amazonas, 77','36925814700','M','Solteiro','1996-10-09','Analista','11987654333',3,4600.00),(21,'Beatriz Carvalho Lopes','Rua Bahia, 88','25836914722','F','Solteiro','1999-01-20','Assistente','11987654334',4,2500.00),(22,'Eduardo Moreira Alves','Rua Goiás, 15','15935748620','M','Casado','1984-07-07','Gerente','11987654335',5,9800.00),(23,'Larissa Fernandes Souza','Rua Sergipe, 66','95175385210','F','Divorciado','1993-12-03','Analista','11987654336',6,4700.00),(24,'Thiago Rodrigues Lima','Rua Pará, 44','35715985266','M','Solteiro','1995-06-06','Desenvolvedor','11987654337',7,5500.00),(25,'Renata Batista Gomes','Rua Tocantins, 33','65498732100','F','Casado','1989-09-09','Supervisor','11987654338',8,6200.00),(26,'Felipe Araújo Costa','Rua Paraná, 11','32165498777','M','Solteiro','1997-03-03','Analista','11987654339',9,4800.00),(27,'Vanessa Duarte Lima','Rua Ceará, 99','14725836985','F','Casado','1992-08-08','Coordenador','11987654340',10,6800.00);
/*!40000 ALTER TABLE `funcionarios` ENABLE KEYS */;
UNLOCK TABLES;

--
-- Table structure for table `item_compra`
--

DROP TABLE IF EXISTS `item_compra`;
/*!40101 SET @saved_cs_client     = @@character_set_client */;
/*!40101 SET character_set_client = utf8 */;
CREATE TABLE `item_compra` (
  `id` int(11) NOT NULL AUTO_INCREMENT,
  `produto` int(11) DEFAULT NULL,
  `valor_unitario` decimal(10,2) DEFAULT NULL,
  `quantidade` int(11) DEFAULT NULL,
  PRIMARY KEY (`id`),
  KEY `produto` (`produto`),
  CONSTRAINT `item_compra_ibfk_1` FOREIGN KEY (`produto`) REFERENCES `produto` (`id`)
) ENGINE=InnoDB AUTO_INCREMENT=151 DEFAULT CHARSET=utf8mb4 COLLATE=utf8mb4_general_ci;
/*!40101 SET character_set_client = @saved_cs_client */;

--
-- Dumping data for table `item_compra`
--

LOCK TABLES `item_compra` WRITE;
/*!40000 ALTER TABLE `item_compra` DISABLE KEYS */;
INSERT INTO `item_compra` VALUES (101,503,523.44,12),(102,504,350.00,20),(103,505,89.90,50),(104,506,899.99,15),(105,507,3500.00,8),(106,508,320.00,25),(107,509,280.00,18),(108,510,260.00,14),(109,511,1800.00,5),(110,512,220.00,30),(111,513,2200.00,6),(112,514,650.00,10),(113,515,120.00,22),(114,516,45.00,60),(115,517,180.00,17),(116,518,250.00,19),(117,519,1200.00,7),(118,520,900.00,9),(119,521,300.00,13),(120,522,150.00,11),(121,523,750.00,6),(122,524,680.00,4),(123,525,60.00,70),(124,526,110.00,40),(125,527,35.00,80),(126,528,25.00,90),(127,529,420.00,10),(128,530,980.00,5),(129,531,2500.00,3),(130,532,600.00,6),(131,533,1200.00,8),(132,534,1800.00,12),(133,535,40.00,100),(134,536,150.00,20),(135,537,55.00,35),(136,538,400.00,7),(137,539,220.00,9),(138,540,180.00,18),(139,541,120.00,25),(140,542,1400.00,6),(141,543,5200.00,4),(142,544,12000.00,2),(143,545,800.00,5),(144,546,300.00,7),(145,547,650.00,10),(146,548,900.00,12),(147,549,450.00,15),(148,550,120.00,30),(149,551,350.00,14),(150,552,700.00,6);
/*!40000 ALTER TABLE `item_compra` ENABLE KEYS */;
UNLOCK TABLES;

--
-- Table structure for table `item_nota_fiscal`
--

DROP TABLE IF EXISTS `item_nota_fiscal`;
/*!40101 SET @saved_cs_client     = @@character_set_client */;
/*!40101 SET character_set_client = utf8 */;
CREATE TABLE `item_nota_fiscal` (
  `id` int(11) NOT NULL AUTO_INCREMENT,
  `id_produto` int(11) DEFAULT NULL,
  `quantidade` int(11) DEFAULT NULL,
  PRIMARY KEY (`id`),
  KEY `id_produto` (`id_produto`),
  CONSTRAINT `item_nota_fiscal_ibfk_1` FOREIGN KEY (`id_produto`) REFERENCES `produto` (`id`)
) ENGINE=InnoDB AUTO_INCREMENT=21 DEFAULT CHARSET=utf8mb4 COLLATE=utf8mb4_general_ci;
/*!40101 SET character_set_client = @saved_cs_client */;

--
-- Dumping data for table `item_nota_fiscal`
--

LOCK TABLES `item_nota_fiscal` WRITE;
/*!40000 ALTER TABLE `item_nota_fiscal` DISABLE KEYS */;
INSERT INTO `item_nota_fiscal` VALUES (1,788,1),(2,789,12),(3,790,14),(4,791,3),(5,792,9),(6,793,2),(7,794,11),(8,795,6),(9,796,5),(10,797,7),(11,798,4),(12,799,8),(13,800,10),(14,801,2),(15,802,6),(16,803,3),(17,804,9),(18,805,5),(19,806,7),(20,807,4);
/*!40000 ALTER TABLE `item_nota_fiscal` ENABLE KEYS */;
UNLOCK TABLES;

--
-- Table structure for table `nota_fiscal`
--

DROP TABLE IF EXISTS `nota_fiscal`;
/*!40101 SET @saved_cs_client     = @@character_set_client */;
/*!40101 SET character_set_client = utf8 */;
CREATE TABLE `nota_fiscal` (
  `id` int(11) NOT NULL AUTO_INCREMENT,
  `id_cliente` int(11) DEFAULT NULL,
  `produto` int(11) DEFAULT NULL,
  `numero` varchar(50) DEFAULT NULL,
  PRIMARY KEY (`id`),
  KEY `id_cliente` (`id_cliente`),
  KEY `produto` (`produto`),
  CONSTRAINT `nota_fiscal_ibfk_1` FOREIGN KEY (`id_cliente`) REFERENCES `cliente` (`id`),
  CONSTRAINT `nota_fiscal_ibfk_2` FOREIGN KEY (`produto`) REFERENCES `produto` (`id`)
) ENGINE=InnoDB AUTO_INCREMENT=101 DEFAULT CHARSET=utf8mb4 COLLATE=utf8mb4_general_ci;
/*!40101 SET character_set_client = @saved_cs_client */;

--
-- Dumping data for table `nota_fiscal`
--

LOCK TABLES `nota_fiscal` WRITE;
/*!40000 ALTER TABLE `nota_fiscal` DISABLE KEYS */;
INSERT INTO `nota_fiscal` VALUES (51,1,503,'100001'),(52,2,504,'100002'),(53,3,505,'100003'),(54,4,506,'100004'),(55,5,507,'100005'),(56,6,508,'100006'),(57,7,509,'100007'),(58,8,510,'100008'),(59,9,511,'100009'),(60,10,512,'100010'),(61,1,513,'100011'),(62,2,514,'100012'),(63,3,515,'100013'),(64,4,516,'100014'),(65,5,517,'100015'),(66,6,518,'100016'),(67,7,519,'100017'),(68,8,520,'100018'),(69,9,521,'100019'),(70,10,522,'100020'),(71,1,523,'100021'),(72,2,524,'100022'),(73,3,525,'100023'),(74,4,526,'100024'),(75,5,527,'100025'),(76,6,528,'100026'),(77,7,529,'100027'),(78,8,530,'100028'),(79,9,531,'100029'),(80,10,532,'100030'),(81,1,533,'100031'),(82,2,534,'100032'),(83,3,535,'100033'),(84,4,536,'100034'),(85,5,537,'100035'),(86,6,538,'100036'),(87,7,539,'100037'),(88,8,540,'100038'),(89,9,541,'100039'),(90,10,542,'100040'),(91,1,543,'100041'),(92,2,544,'100042'),(93,3,545,'100043'),(94,4,546,'100044'),(95,5,547,'100045'),(96,6,548,'100046'),(97,7,549,'100047'),(98,8,550,'100048'),(99,9,551,'100049'),(100,10,552,'100050');
/*!40000 ALTER TABLE `nota_fiscal` ENABLE KEYS */;
UNLOCK TABLES;

--
-- Table structure for table `produto`
--

DROP TABLE IF EXISTS `produto`;
/*!40101 SET @saved_cs_client     = @@character_set_client */;
/*!40101 SET character_set_client = utf8 */;
CREATE TABLE `produto` (
  `id` int(11) NOT NULL AUTO_INCREMENT,
  `codigo_produto` varchar(50) DEFAULT NULL,
  `descricao` varchar(150) DEFAULT NULL,
  `unidade_medida` varchar(10) DEFAULT NULL,
  `valor_compra` float DEFAULT NULL,
  `valor_venda` float DEFAULT NULL,
  `qtd_estoque` int(11) DEFAULT NULL,
  `qtd_maxima` int(11) DEFAULT NULL,
  `qtd_minima` int(11) DEFAULT NULL,
  PRIMARY KEY (`id`)
) ENGINE=InnoDB AUTO_INCREMENT=1003 DEFAULT CHARSET=utf8mb4 COLLATE=utf8mb4_general_ci;
/*!40101 SET character_set_client = @saved_cs_client */;

--
-- Dumping data for table `produto`
--

LOCK TABLES `produto` WRITE;
/*!40000 ALTER TABLE `produto` DISABLE KEYS */;
INSERT INTO `produto` VALUES (503,'7891000001','SSD Samsung Pro 3','13 cm',1460.37,1752.44,29,58,15),(504,'7891000002','Webcam HyperX Pro 6','22 cm',1928.4,2314.08,79,158,40),(505,'7891000003','RAM Samsung Pro 4','15 cm',2648.92,3178.7,40,80,20),(506,'7891000004','SSD HyperX Pro 5','23 cm',3076.83,3692.2,69,138,35),(507,'7891000005','Headset Razer Pro 5','21 cm',412.53,495.04,36,72,18),(508,'7891000006','RAM Asus Pro 4','25 cm',2506.54,3007.85,37,74,19),(509,'7891000007','Cabo Dell Pro 1','20 cm',2980.61,3576.73,34,68,17),(510,'7891000008','Mouse Samsung Pro 3','13 cm',983.7,1180.44,68,136,34),(511,'7891000009','Teclado Corsair Pro 6','19 cm',3190.64,3828.77,19,38,10),(512,'7891000010','Monitor HP Pro 4','16 cm',42.12,50.54,88,176,44),(513,'7891000011','Monitor HP Pro 2','14 cm',956.01,1147.21,42,84,21),(514,'7891000012','SSD Asus Pro 7','23 cm',2107.59,2529.11,18,36,9),(515,'7891000013','Gabinete Corsair Pro 3','13 cm',3012.37,3614.84,67,134,34),(516,'7891000014','Gabinete Corsair Pro 5','25 cm',3248.94,3898.73,59,118,30),(517,'7891000015','SSD Samsung Pro 6','18 cm',2470.54,2964.65,69,138,35),(518,'7891000016','RAM HyperX Pro 1','11 cm',1368.3,1641.96,85,170,43),(519,'7891000017','Cabo Samsung Pro 4','22 cm',3388.8,4066.56,46,92,23),(520,'7891000018','RAM Razer Pro 4','10 cm',1292.37,1550.84,31,62,16),(521,'7891000019','Fonte Dell Pro 8','21 cm',2742.47,3290.96,57,114,29),(522,'7891000020','Fonte Dell Pro 6','24 cm',2977.06,3572.47,49,98,25),(523,'7891000021','RAM Samsung Pro 9','18 cm',3020.85,3625.02,26,52,13),(524,'7891000022','Teclado Dell Pro 6','17 cm',1008.42,1210.1,83,166,42),(525,'7891000023','Monitor HyperX Pro 6','11 cm',864.33,1037.2,58,116,29),(526,'7891000024','Webcam Asus Pro 7','15 cm',1214.96,1457.95,93,186,47),(527,'7891000025','Headset HP Pro 9','20 cm',3218,3861.6,91,182,46),(528,'7891000026','Headset HyperX Pro 4','15 cm',391.43,469.72,51,102,26),(529,'7891000027','Gabinete Dell Pro 2','16 cm',1810.7,2172.84,74,148,37),(530,'7891000028','SSD Samsung Pro 5','20 cm',3460.08,4152.1,77,154,39),(531,'7891000029','Monitor Corsair Pro 1','24 cm',1408.01,1689.61,62,124,31),(532,'7891000030','Mouse Logitech Pro 8','19 cm',480.45,576.54,16,32,8),(533,'7891000031','Cabo HyperX Pro 2','11 cm',369.67,443.6,25,50,13),(534,'7891000032','RAM Asus Pro 3','14 cm',888.16,1065.79,87,174,44),(535,'7891000033','Fonte Logitech Pro 6','22 cm',1604.3,1925.16,90,180,45),(536,'7891000034','Headset Corsair Pro 4','14 cm',417.51,501.01,34,68,17),(537,'7891000035','Gabinete Samsung Pro 5','18 cm',237.05,284.46,35,70,18),(538,'7891000036','Mouse HP Pro 6','13 cm',1729.29,2075.15,59,118,30),(539,'7891000037','SSD Asus Pro 7','10 cm',696.26,835.51,47,94,24),(540,'7891000038','RAM Razer Pro 3','13 cm',713.7,856.44,40,80,20),(541,'7891000039','Mouse Samsung Pro 7','16 cm',1933.51,2320.21,68,136,34),(542,'7891000040','Monitor Logitech Pro 9','20 cm',2383.48,2860.18,47,94,24),(543,'7891000041','Headset Samsung Pro 1','12 cm',472.11,566.53,50,100,25),(544,'7891000042','Gabinete Dell Pro 6','19 cm',1105.38,1326.46,24,48,12),(545,'7891000043','Teclado Asus Pro 7','13 cm',2824.22,3389.06,38,76,19),(546,'7891000044','SSD Dell Pro 7','24 cm',994.68,1193.62,78,156,39),(547,'7891000045','SSD Dell Pro 4','23 cm',1969.46,2363.35,27,54,14),(548,'7891000046','RAM Razer Pro 5','22 cm',2437.66,2925.19,96,192,48),(549,'7891000047','Cabo HyperX Pro 7','12 cm',33.84,40.61,78,156,39),(550,'7891000048','Teclado Samsung Pro 1','12 cm',836.93,1004.32,64,128,32),(551,'7891000049','Cabo Dell Pro 2','24 cm',388.1,465.72,57,114,29),(552,'7891000050','RAM Samsung Pro 2','25 cm',3320.58,3984.7,79,158,40),(553,'7891000051','Gabinete Corsair Pro 7','11 cm',2403.77,2884.52,17,34,9),(554,'7891000052','Fonte Razer Pro 4','19 cm',1541.37,1849.64,57,114,29),(555,'7891000053','Gabinete Logitech Pro 6','10 cm',1306.82,1568.18,28,56,14),(556,'7891000054','Headset HyperX Pro 6','12 cm',1891.94,2270.33,39,78,20),(557,'7891000055','SSD Corsair Pro 5','15 cm',1892.69,2271.23,81,162,41),(558,'7891000056','RAM HP Pro 3','16 cm',203.37,244.04,37,74,19),(559,'7891000057','Mouse Logitech Pro 5','15 cm',171.1,205.32,56,112,28),(560,'7891000058','Webcam HyperX Pro 3','21 cm',1149.12,1378.94,81,162,41),(561,'7891000059','Teclado HyperX Pro 9','17 cm',1470.59,1764.71,77,154,39),(562,'7891000060','Monitor HP Pro 6','16 cm',1779.48,2135.38,30,60,15),(563,'7891000061','RAM Asus Pro 1','18 cm',1287.03,1544.44,23,46,12),(564,'7891000062','Mouse Dell Pro 5','14 cm',1825.27,2190.32,26,52,13),(565,'7891000063','SSD Asus Pro 4','15 cm',3470.32,4164.38,29,58,15),(566,'7891000064','Cabo Corsair Pro 7','18 cm',1385.13,1662.16,58,116,29),(567,'7891000065','Teclado Dell Pro 8','25 cm',587.83,705.4,88,176,44),(568,'7891000066','SSD Razer Pro 8','25 cm',1482.75,1779.3,81,162,41),(569,'7891000067','SSD Asus Pro 7','24 cm',3301.99,3962.39,33,66,17),(570,'7891000068','Monitor Corsair Pro 2','19 cm',422,506.4,40,80,20),(571,'7891000069','Mouse Dell Pro 7','21 cm',1742.05,2090.46,53,106,27),(572,'7891000070','Headset Asus Pro 7','15 cm',1962.86,2355.43,73,146,37),(573,'7891000071','Gabinete Corsair Pro 3','19 cm',1743.96,2092.75,83,166,42),(574,'7891000072','Fonte Razer Pro 8','20 cm',1892.46,2270.95,25,50,13),(575,'7891000073','SSD HyperX Pro 8','16 cm',1821.68,2186.02,19,38,10),(576,'7891000074','Webcam Asus Pro 4','23 cm',3406.9,4088.28,26,52,13),(577,'7891000075','Mouse HyperX Pro 4','17 cm',3202.85,3843.42,44,88,22),(578,'7891000076','RAM HyperX Pro 5','13 cm',1693.95,2032.74,34,68,17),(579,'7891000077','Fonte Samsung Pro 6','16 cm',2404.78,2885.74,43,86,22),(580,'7891000078','SSD HP Pro 1','13 cm',235.6,282.72,70,140,35),(581,'7891000079','Fonte Razer Pro 9','20 cm',802.74,963.29,95,190,48),(582,'7891000080','Webcam HyperX Pro 2','16 cm',1686.55,2023.86,31,62,16),(583,'7891000081','Mouse HP Pro 8','13 cm',2738.96,3286.75,41,82,21),(584,'7891000082','Teclado Corsair Pro 9','24 cm',1790.94,2149.13,99,198,50),(585,'7891000083','Cabo Samsung Pro 1','16 cm',2363.51,2836.21,39,78,20),(586,'7891000084','Mouse Razer Pro 5','25 cm',2931.58,3517.9,11,22,6),(587,'7891000085','RAM HP Pro 9','19 cm',99.58,119.5,38,76,19),(588,'7891000086','Webcam Dell Pro 1','14 cm',3365.92,4039.1,55,110,28),(589,'7891000087','RAM HyperX Pro 5','15 cm',390.36,468.43,21,42,11),(590,'7891000088','RAM Razer Pro 4','12 cm',542.09,650.51,99,198,50),(591,'7891000089','Headset HyperX Pro 5','19 cm',3119.37,3743.24,40,80,20),(592,'7891000090','SSD Dell Pro 3','15 cm',310.4,372.48,51,102,26),(593,'7891000091','Webcam HyperX Pro 1','10 cm',382.12,458.54,67,134,34),(594,'7891000092','Gabinete Dell Pro 2','22 cm',3240.03,3888.04,84,168,42),(595,'7891000093','SSD Razer Pro 7','16 cm',2935.91,3523.09,73,146,37),(596,'7891000094','Webcam Asus Pro 5','13 cm',3479.21,4175.05,20,40,10),(597,'7891000095','RAM Razer Pro 6','20 cm',3271.8,3926.16,61,122,31),(598,'7891000096','Teclado HP Pro 4','10 cm',1126.25,1351.5,69,138,35),(599,'7891000097','Teclado HyperX Pro 7','16 cm',752.18,902.62,11,22,6),(600,'7891000098','Headset HyperX Pro 1','24 cm',3027.84,3633.41,75,150,38),(601,'7891000099','Gabinete Samsung Pro 9','19 cm',1836.81,2204.17,18,36,9),(602,'7891000100','Monitor Dell Pro 8','25 cm',3499.92,4199.9,68,136,34),(603,'7891000101','Gabinete Logitech Pro 7','12 cm',1930.73,2316.88,86,172,43),(604,'7891000102','Fonte HP Pro 5','24 cm',1381.23,1657.48,23,46,12),(605,'7891000103','SSD HP Pro 1','13 cm',1291.87,1550.24,46,92,23),(606,'7891000104','Teclado HP Pro 6','17 cm',1883.03,2259.64,33,66,17),(607,'7891000105','Mouse HP Pro 7','17 cm',2002.83,2403.4,67,134,34),(608,'7891000106','SSD Corsair Pro 2','13 cm',637.34,764.81,16,32,8),(609,'7891000107','RAM HP Pro 3','13 cm',25.2,30.24,83,166,42),(610,'7891000108','Webcam Dell Pro 8','23 cm',284.39,341.27,55,110,28),(611,'7891000109','Gabinete Corsair Pro 5','21 cm',1597.67,1917.2,87,174,44),(612,'7891000110','Webcam Samsung Pro 6','14 cm',887.73,1065.28,11,22,6),(613,'7891000111','Headset Samsung Pro 1','19 cm',128.2,153.84,59,118,30),(614,'7891000112','Webcam Razer Pro 1','11 cm',1523.12,1827.74,96,192,48),(615,'7891000113','SSD Asus Pro 8','16 cm',2129.86,2555.83,60,120,30),(616,'7891000114','RAM Asus Pro 6','25 cm',3090.55,3708.66,61,122,31),(617,'7891000115','Teclado HyperX Pro 6','13 cm',2001.96,2402.35,100,200,50),(618,'7891000116','Webcam Samsung Pro 4','16 cm',2068.13,2481.76,33,66,17),(619,'7891000117','Mouse Asus Pro 9','18 cm',136.08,163.3,74,148,37),(620,'7891000118','Headset HyperX Pro 9','15 cm',1058.66,1270.39,57,114,29),(621,'7891000119','SSD Corsair Pro 1','23 cm',976.79,1172.15,38,76,19),(622,'7891000120','Teclado Razer Pro 5','15 cm',3416.8,4100.16,57,114,29),(623,'7891000121','RAM HyperX Pro 4','23 cm',2572.47,3086.96,77,154,39),(624,'7891000122','Monitor Dell Pro 7','14 cm',199.53,239.44,33,66,17),(625,'7891000123','Teclado HyperX Pro 5','17 cm',3445.04,4134.05,50,100,25),(626,'7891000124','SSD Razer Pro 6','13 cm',2851.31,3421.57,61,122,31),(627,'7891000125','Webcam Samsung Pro 6','22 cm',2893.22,3471.86,85,170,43),(628,'7891000126','RAM Logitech Pro 9','13 cm',537.86,645.43,75,150,38),(629,'7891000127','Fonte HyperX Pro 7','17 cm',2412.24,2894.69,39,78,20),(630,'7891000128','Webcam Corsair Pro 7','24 cm',1544.26,1853.11,13,26,7),(631,'7891000129','Mouse HyperX Pro 7','22 cm',2378.63,2854.36,82,164,41),(632,'7891000130','Cabo HP Pro 5','22 cm',2307.71,2769.25,76,152,38),(633,'7891000131','Mouse Razer Pro 1','22 cm',246.31,295.57,63,126,32),(634,'7891000132','Gabinete Samsung Pro 2','17 cm',1844.65,2213.58,81,162,41),(635,'7891000133','Gabinete Logitech Pro 9','15 cm',1011.8,1214.16,35,70,18),(636,'7891000134','SSD Logitech Pro 8','21 cm',1253.98,1504.78,35,70,18),(637,'7891000135','SSD HP Pro 9','22 cm',1804.33,2165.2,78,156,39),(638,'7891000136','RAM Logitech Pro 8','13 cm',807.51,969.01,33,66,17),(639,'7891000137','Gabinete HP Pro 9','22 cm',2168.4,2602.08,56,112,28),(640,'7891000138','SSD Razer Pro 6','25 cm',1972.3,2366.76,80,160,40),(641,'7891000139','Mouse Dell Pro 6','14 cm',1379.84,1655.81,54,108,27),(642,'7891000140','Fonte Dell Pro 8','18 cm',3033.6,3640.32,13,26,7),(643,'7891000141','Teclado HyperX Pro 6','22 cm',2844.99,3413.99,91,182,46),(644,'7891000142','SSD Razer Pro 4','18 cm',1356.35,1627.62,78,156,39),(645,'7891000143','Monitor Logitech Pro 7','17 cm',2612.38,3134.86,44,88,22),(646,'7891000144','RAM HP Pro 4','20 cm',3486.95,4184.34,44,88,22),(647,'7891000145','Headset Razer Pro 7','17 cm',2361.05,2833.26,87,174,44),(648,'7891000146','Teclado Samsung Pro 9','10 cm',3286.52,3943.82,81,162,41),(649,'7891000147','RAM HP Pro 5','19 cm',2361.68,2834.02,88,176,44),(650,'7891000148','Gabinete HP Pro 3','24 cm',1700.59,2040.71,55,110,28),(651,'7891000149','SSD Corsair Pro 6','15 cm',2460.86,2953.03,76,152,38),(652,'7891000150','Cabo Asus Pro 6','11 cm',2169.82,2603.78,26,52,13),(653,'7891000151','Headset Asus Pro 1','21 cm',3190.78,3828.94,13,26,7),(654,'7891000152','Cabo Logitech Pro 9','20 cm',1646.55,1975.86,72,144,36),(655,'7891000153','Gabinete Razer Pro 3','20 cm',1372.83,1647.4,49,98,25),(656,'7891000154','Monitor Asus Pro 5','12 cm',3479.7,4175.64,95,190,48),(657,'7891000155','Webcam Asus Pro 9','14 cm',3256.18,3907.42,100,200,50),(658,'7891000156','Headset Samsung Pro 8','23 cm',1606.54,1927.85,53,106,27),(659,'7891000157','RAM Samsung Pro 9','17 cm',1954.65,2345.58,48,96,24),(660,'7891000158','Cabo Asus Pro 9','24 cm',23.46,28.15,74,148,37),(661,'7891000159','Mouse Corsair Pro 7','16 cm',726.45,871.74,25,50,13),(662,'7891000160','SSD Logitech Pro 9','10 cm',2544.02,3052.82,34,68,17),(663,'7891000161','SSD Razer Pro 8','19 cm',2631.49,3157.79,91,182,46),(664,'7891000162','Monitor Samsung Pro 8','17 cm',3364.82,4037.78,34,68,17),(665,'7891000163','Cabo Dell Pro 3','13 cm',73.95,88.74,36,72,18),(666,'7891000164','Fonte Samsung Pro 2','15 cm',147.79,177.35,77,154,39),(667,'7891000165','Teclado Asus Pro 1','15 cm',1526.72,1832.06,53,106,27),(668,'7891000166','Monitor HP Pro 5','22 cm',356.62,427.94,92,184,46),(669,'7891000167','Monitor Logitech Pro 3','15 cm',2973.65,3568.38,84,168,42),(670,'7891000168','Gabinete Dell Pro 3','24 cm',886.28,1063.54,78,156,39),(671,'7891000169','Monitor Dell Pro 6','14 cm',1390.47,1668.56,30,60,15),(672,'7891000170','RAM HP Pro 3','11 cm',2635.18,3162.22,83,166,42),(673,'7891000171','RAM HP Pro 6','12 cm',3240.66,3888.79,19,38,10),(674,'7891000172','Headset HP Pro 9','10 cm',1638.04,1965.65,91,182,46),(675,'7891000173','Headset Razer Pro 6','10 cm',3118.33,3742,17,34,9),(676,'7891000174','Teclado Asus Pro 5','13 cm',3343.13,4011.76,77,154,39),(677,'7891000175','Webcam Logitech Pro 4','14 cm',2467.81,2961.37,66,132,33),(678,'7891000176','Headset Razer Pro 4','12 cm',1955.19,2346.23,95,190,48),(679,'7891000177','Webcam Logitech Pro 1','17 cm',3364.77,4037.72,15,30,8),(680,'7891000178','Mouse Corsair Pro 5','21 cm',2734.94,3281.93,98,196,49),(681,'7891000179','RAM Corsair Pro 3','16 cm',1440.86,1729.03,31,62,16),(682,'7891000180','Gabinete HyperX Pro 8','22 cm',2551.47,3061.76,19,38,10),(683,'7891000181','Webcam Razer Pro 1','16 cm',2252.76,2703.31,35,70,18),(684,'7891000182','Monitor Logitech Pro 5','24 cm',1721.35,2065.62,99,198,50),(685,'7891000183','Headset Dell Pro 3','24 cm',1570.24,1884.29,87,174,44),(686,'7891000184','Headset Corsair Pro 5','11 cm',752.89,903.47,19,38,10),(687,'7891000185','Headset Razer Pro 7','11 cm',3277.74,3933.29,60,120,30),(688,'7891000186','Headset Samsung Pro 2','23 cm',129.42,155.3,50,100,25),(689,'7891000187','Fonte Logitech Pro 5','25 cm',1663,1995.6,80,160,40),(690,'7891000188','SSD HyperX Pro 7','13 cm',2724.03,3268.84,97,194,49),(691,'7891000189','Teclado Corsair Pro 4','22 cm',1303.57,1564.28,97,194,49),(692,'7891000190','SSD HP Pro 8','21 cm',2655.93,3187.12,30,60,15),(693,'7891000191','Teclado Razer Pro 8','13 cm',1308.18,1569.82,93,186,47),(694,'7891000192','Headset HP Pro 5','22 cm',3136.25,3763.5,52,104,26),(695,'7891000193','Headset Samsung Pro 1','14 cm',974.52,1169.42,61,122,31),(696,'7891000194','Fonte HP Pro 3','25 cm',3055.38,3666.46,11,22,6),(697,'7891000195','Webcam HyperX Pro 6','20 cm',658.93,790.72,12,24,6),(698,'7891000196','Cabo Dell Pro 2','11 cm',1315.17,1578.2,77,154,39),(699,'7891000197','Fonte Dell Pro 3','22 cm',3190.19,3828.23,31,62,16),(700,'7891000198','Monitor HyperX Pro 1','22 cm',3154.74,3785.69,53,106,27),(701,'7891000199','RAM Samsung Pro 2','21 cm',1108.01,1329.61,38,76,19),(702,'7891000200','RAM HyperX Pro 9','11 cm',3355.64,4026.77,74,148,37),(703,'7891000201','Monitor Dell Pro 2','25 cm',968.05,1161.66,88,176,44),(704,'7891000202','Teclado HP Pro 8','21 cm',914.28,1097.14,82,164,41),(705,'7891000203','Teclado Corsair Pro 1','20 cm',1170.59,1404.71,35,70,18),(706,'7891000204','Teclado Logitech Pro 8','22 cm',518.25,621.9,50,100,25),(707,'7891000205','RAM Razer Pro 6','10 cm',2476.54,2971.85,53,106,27),(708,'7891000206','RAM Corsair Pro 9','14 cm',1178.53,1414.24,47,94,24),(709,'7891000207','Webcam Corsair Pro 3','18 cm',3092.97,3711.56,81,162,41),(710,'7891000208','Webcam Razer Pro 7','11 cm',513.62,616.34,34,68,17),(711,'7891000209','Monitor Asus Pro 9','24 cm',717.17,860.6,18,36,9),(712,'7891000210','Headset Samsung Pro 9','12 cm',2353.65,2824.38,86,172,43),(713,'7891000211','Fonte HP Pro 2','20 cm',759.95,911.94,83,166,42),(714,'7891000212','Webcam Dell Pro 9','14 cm',579.82,695.78,35,70,18),(715,'7891000213','RAM Logitech Pro 5','17 cm',923.43,1108.12,56,112,28),(716,'7891000214','Headset Dell Pro 2','19 cm',3032.6,3639.12,14,28,7),(717,'7891000215','SSD Corsair Pro 8','10 cm',842.46,1010.95,54,108,27),(718,'7891000216','Webcam Dell Pro 2','18 cm',3333.02,3999.62,19,38,10),(719,'7891000217','SSD Razer Pro 2','24 cm',3065.39,3678.47,79,158,40),(720,'7891000218','Monitor Dell Pro 9','15 cm',1459.79,1751.75,11,22,6),(721,'7891000219','Gabinete Samsung Pro 3','15 cm',2880.61,3456.73,64,128,32),(722,'7891000220','Mouse HyperX Pro 5','24 cm',2262.55,2715.06,12,24,6),(723,'7891000221','Fonte HyperX Pro 1','10 cm',2986.02,3583.22,26,52,13),(724,'7891000222','Mouse Asus Pro 5','14 cm',2668.89,3202.67,20,40,10),(725,'7891000223','RAM HP Pro 5','19 cm',1701.53,2041.84,46,92,23),(726,'7891000224','Headset Logitech Pro 8','23 cm',2474.31,2969.17,28,56,14),(727,'7891000225','SSD Samsung Pro 5','10 cm',852.91,1023.49,42,84,21),(728,'7891000226','Webcam HyperX Pro 3','12 cm',1052.37,1262.84,79,158,40),(729,'7891000227','Gabinete HP Pro 2','23 cm',2508.23,3009.88,13,26,7),(730,'7891000228','Headset Corsair Pro 9','16 cm',1999.36,2399.23,63,126,32),(731,'7891000229','Monitor HyperX Pro 3','15 cm',508.66,610.39,50,100,25),(732,'7891000230','Webcam HP Pro 9','22 cm',464.25,557.1,60,120,30),(733,'7891000231','Monitor Razer Pro 5','11 cm',802.32,962.78,57,114,29),(734,'7891000232','Monitor Dell Pro 8','13 cm',514.67,617.6,25,50,13),(735,'7891000233','Fonte Razer Pro 9','20 cm',1097.53,1317.04,40,80,20),(736,'7891000234','Gabinete Corsair Pro 7','12 cm',2523.76,3028.51,20,40,10),(737,'7891000235','Gabinete Asus Pro 1','15 cm',856.79,1028.15,89,178,45),(738,'7891000236','Teclado Asus Pro 4','15 cm',3164.17,3797,10,20,5),(739,'7891000237','Monitor Corsair Pro 1','22 cm',1909.68,2291.62,27,54,14),(740,'7891000238','Monitor HP Pro 3','15 cm',337.11,404.53,99,198,50),(741,'7891000239','SSD Asus Pro 6','22 cm',3056.35,3667.62,100,200,50),(742,'7891000240','Headset Samsung Pro 1','14 cm',707.55,849.06,88,176,44),(743,'7891000241','RAM Razer Pro 3','23 cm',1402.08,1682.5,48,96,24),(744,'7891000242','RAM Logitech Pro 4','13 cm',2684.83,3221.8,78,156,39),(745,'7891000243','Cabo HP Pro 3','25 cm',1175.56,1410.67,48,96,24),(746,'7891000244','SSD Razer Pro 7','12 cm',2421.62,2905.94,11,22,6),(747,'7891000245','Gabinete Logitech Pro 2','17 cm',2055.27,2466.32,77,154,39),(748,'7891000246','Mouse HyperX Pro 3','10 cm',2049.94,2459.93,93,186,47),(749,'7891000247','Webcam Dell Pro 5','18 cm',2453.15,2943.78,19,38,10),(750,'7891000248','Gabinete Samsung Pro 9','19 cm',1445.42,1734.5,41,82,21),(751,'7891000249','Gabinete Logitech Pro 4','19 cm',402.4,482.88,45,90,23),(752,'7891000250','Teclado Corsair Pro 6','17 cm',2235.18,2682.22,91,182,46),(753,'7891000251','Monitor Razer Pro 7','13 cm',2455.57,2946.68,98,196,49),(754,'7891000252','Webcam Corsair Pro 9','20 cm',1976.57,2371.88,80,160,40),(755,'7891000253','RAM Razer Pro 8','14 cm',2815.99,3379.19,67,134,34),(756,'7891000254','RAM Logitech Pro 4','25 cm',2888.32,3465.98,23,46,12),(757,'7891000255','Webcam Samsung Pro 5','22 cm',1327.59,1593.11,38,76,19),(758,'7891000256','Fonte Corsair Pro 4','16 cm',2466.32,2959.58,74,148,37),(759,'7891000257','Monitor Samsung Pro 9','24 cm',2091.94,2510.33,49,98,25),(760,'7891000258','Webcam Samsung Pro 3','21 cm',798.71,958.45,33,66,17),(761,'7891000259','SSD HP Pro 4','20 cm',3345.89,4015.07,33,66,17),(762,'7891000260','Cabo Samsung Pro 2','17 cm',998.55,1198.26,46,92,23),(763,'7891000261','Cabo Corsair Pro 1','17 cm',215.14,258.17,31,62,16),(764,'7891000262','Headset Samsung Pro 8','21 cm',1987.94,2385.53,56,112,28),(765,'7891000263','Mouse Dell Pro 5','18 cm',1403.06,1683.67,39,78,20),(766,'7891000264','Webcam Razer Pro 4','17 cm',717.43,860.92,63,126,32),(767,'7891000265','SSD Corsair Pro 1','10 cm',1576.98,1892.38,58,116,29),(768,'7891000266','Monitor Asus Pro 1','13 cm',797.43,956.92,72,144,36),(769,'7891000267','Cabo HP Pro 4','16 cm',2390.21,2868.25,13,26,7),(770,'7891000268','RAM Dell Pro 8','17 cm',1259.62,1511.54,40,80,20),(771,'7891000269','Headset Corsair Pro 5','18 cm',2664.46,3197.35,95,190,48),(772,'7891000270','Cabo Razer Pro 9','10 cm',3297.75,3957.3,52,104,26),(773,'7891000271','Fonte Razer Pro 2','25 cm',1846.8,2216.16,57,114,29),(774,'7891000272','RAM Corsair Pro 6','17 cm',2411.85,2894.22,10,20,5),(775,'7891000273','Gabinete Dell Pro 7','18 cm',2317.84,2781.41,16,32,8),(776,'7891000274','SSD HyperX Pro 9','19 cm',2206.14,2647.37,87,174,44),(777,'7891000275','Cabo Samsung Pro 6','11 cm',855.46,1026.55,29,58,15),(778,'7891000276','Monitor Corsair Pro 2','16 cm',1287.52,1545.02,27,54,14),(779,'7891000277','Monitor Asus Pro 2','25 cm',2291.51,2749.81,34,68,17),(780,'7891000278','Webcam HyperX Pro 7','14 cm',2463.64,2956.37,48,96,24),(781,'7891000279','Webcam Corsair Pro 8','22 cm',1392.07,1670.48,43,86,22),(782,'7891000280','Cabo Asus Pro 8','13 cm',134.91,161.89,82,164,41),(783,'7891000281','Gabinete Samsung Pro 4','16 cm',3403.73,4084.48,94,188,47),(784,'7891000282','Teclado HP Pro 3','13 cm',3452.5,4143,51,102,26),(785,'7891000283','RAM Dell Pro 4','20 cm',1551.42,1861.7,100,200,50),(786,'7891000284','Gabinete HP Pro 5','22 cm',2454.69,2945.63,48,96,24),(787,'7891000285','Mouse Dell Pro 1','14 cm',114.01,136.81,54,108,27),(788,'7891000286','Mouse Razer Pro 4','13 cm',305.1,366.12,31,62,16),(789,'7891000287','Webcam Logitech Pro 7','17 cm',1221.13,1465.36,27,54,14),(790,'7891000288','Gabinete Corsair Pro 6','12 cm',388.83,466.6,15,30,8),(791,'7891000289','Headset HP Pro 1','25 cm',1659.94,1991.93,59,118,30),(792,'7891000290','Cabo Corsair Pro 3','16 cm',965.11,1158.13,69,138,35),(793,'7891000291','Webcam HP Pro 5','22 cm',1683.1,2019.72,90,180,45),(794,'7891000292','SSD Asus Pro 3','25 cm',1184.91,1421.89,89,178,45),(795,'7891000293','Mouse HP Pro 9','24 cm',2715.18,3258.22,85,170,43),(796,'7891000294','Headset Razer Pro 8','18 cm',513.79,616.55,14,28,7),(797,'7891000295','Mouse Razer Pro 6','22 cm',1039.14,1246.97,18,36,9),(798,'7891000296','Gabinete Dell Pro 3','19 cm',1201.03,1441.24,70,140,35),(799,'7891000297','Fonte Samsung Pro 2','21 cm',2035.58,2442.7,61,122,31),(800,'7891000298','SSD Dell Pro 3','25 cm',560.65,672.78,18,36,9),(801,'7891000299','Mouse HP Pro 5','10 cm',1017.11,1220.53,45,90,23),(802,'7891000300','RAM Corsair Pro 7','12 cm',2313.56,2776.27,36,72,18),(803,'7891000301','Mouse Samsung Pro 3','12 cm',1055.75,1266.9,72,144,36),(804,'7891000302','Monitor Razer Pro 8','23 cm',908.43,1090.12,21,42,11),(805,'7891000303','Cabo Razer Pro 5','14 cm',1174.47,1409.36,82,164,41),(806,'7891000304','Gabinete Logitech Pro 3','14 cm',849.27,1019.12,56,112,28),(807,'7891000305','Fonte Corsair Pro 8','15 cm',924.11,1108.93,70,140,35),(808,'7891000306','Headset Corsair Pro 5','12 cm',343.5,412.2,26,52,13),(809,'7891000307','Cabo HP Pro 6','24 cm',1993.57,2392.28,57,114,29),(810,'7891000308','SSD Samsung Pro 2','23 cm',1549.85,1859.82,48,96,24),(811,'7891000309','Monitor Dell Pro 4','23 cm',1755.64,2106.77,37,74,19),(812,'7891000310','RAM HyperX Pro 8','21 cm',2254.64,2705.57,73,146,37),(813,'7891000311','Cabo HP Pro 9','18 cm',1514.96,1817.95,73,146,37),(814,'7891000312','Monitor Razer Pro 8','15 cm',2732.41,3278.89,67,134,34),(815,'7891000313','Cabo Logitech Pro 1','13 cm',1203.84,1444.61,48,96,24),(816,'7891000314','Webcam Asus Pro 3','16 cm',3249.59,3899.51,70,140,35),(817,'7891000315','Monitor Razer Pro 1','12 cm',1532.76,1839.31,25,50,13),(818,'7891000316','Headset Dell Pro 3','14 cm',34.8,41.76,94,188,47),(819,'7891000317','Webcam HyperX Pro 8','13 cm',334.96,401.95,79,158,40),(820,'7891000318','Teclado Logitech Pro 9','24 cm',1892.04,2270.45,25,50,13),(821,'7891000319','Teclado Razer Pro 3','10 cm',3079.3,3695.16,97,194,49),(822,'7891000320','RAM HyperX Pro 9','20 cm',1566.71,1880.05,55,110,28),(823,'7891000321','Gabinete HP Pro 8','10 cm',1391.17,1669.4,44,88,22),(824,'7891000322','Headset HyperX Pro 4','22 cm',3165.28,3798.34,54,108,27),(825,'7891000323','Cabo Asus Pro 6','23 cm',1592.86,1911.43,48,96,24),(826,'7891000324','RAM HyperX Pro 6','10 cm',1556.76,1868.11,48,96,24),(827,'7891000325','RAM Dell Pro 8','19 cm',869.44,1043.33,30,60,15),(828,'7891000326','RAM Logitech Pro 1','13 cm',278.19,333.83,66,132,33),(829,'7891000327','Fonte HyperX Pro 1','18 cm',1545.54,1854.65,80,160,40),(830,'7891000328','Cabo Corsair Pro 5','24 cm',632.13,758.56,33,66,17),(831,'7891000329','Gabinete Logitech Pro 9','18 cm',2301.19,2761.43,75,150,38),(832,'7891000330','SSD Logitech Pro 7','15 cm',306.04,367.25,17,34,9),(833,'7891000331','Cabo Corsair Pro 9','23 cm',2864.23,3437.08,10,20,5),(834,'7891000332','SSD HyperX Pro 8','19 cm',1888.71,2266.45,51,102,26),(835,'7891000333','Webcam Asus Pro 4','14 cm',2391.11,2869.33,22,44,11),(836,'7891000334','Webcam Dell Pro 2','11 cm',934.28,1121.14,97,194,49),(837,'7891000335','Fonte Corsair Pro 2','15 cm',34.47,41.36,73,146,37),(838,'7891000336','Webcam Corsair Pro 9','20 cm',224.42,269.3,97,194,49),(839,'7891000337','Fonte Asus Pro 5','18 cm',2766.15,3319.38,17,34,9),(840,'7891000338','Cabo Logitech Pro 7','24 cm',2660.9,3193.08,64,128,32),(841,'7891000339','Headset Razer Pro 8','15 cm',867.94,1041.53,19,38,10),(842,'7891000340','Mouse HP Pro 8','22 cm',995.15,1194.18,15,30,8),(843,'7891000341','Cabo Samsung Pro 4','13 cm',1674.21,2009.05,28,56,14),(844,'7891000342','Fonte Dell Pro 3','18 cm',2751.96,3302.35,43,86,22),(845,'7891000343','Gabinete HyperX Pro 3','21 cm',1477.08,1772.5,16,32,8),(846,'7891000344','Cabo Razer Pro 4','25 cm',3373.48,4048.18,12,24,6),(847,'7891000345','RAM Logitech Pro 8','14 cm',1224.19,1469.03,59,118,30),(848,'7891000346','Monitor Razer Pro 6','10 cm',1113.86,1336.63,20,40,10),(849,'7891000347','Monitor Samsung Pro 1','13 cm',564.52,677.42,64,128,32),(850,'7891000348','RAM Razer Pro 6','21 cm',2956.8,3548.16,30,60,15),(851,'7891000349','Gabinete Logitech Pro 5','20 cm',2739.14,3286.97,23,46,12),(852,'7891000350','SSD Dell Pro 4','22 cm',1491.89,1790.27,35,70,18),(853,'7891000351','Monitor Asus Pro 1','17 cm',1021.11,1225.33,15,30,8),(854,'7891000352','Mouse Logitech Pro 4','17 cm',2323.06,2787.67,28,56,14),(855,'7891000353','Fonte Samsung Pro 6','14 cm',466.65,559.98,59,118,30),(856,'7891000354','Headset Razer Pro 2','22 cm',3169.9,3803.88,34,68,17),(857,'7891000355','Gabinete Razer Pro 9','14 cm',1290.27,1548.32,85,170,43),(858,'7891000356','RAM Logitech Pro 4','13 cm',2719.36,3263.23,19,38,10),(859,'7891000357','Mouse Asus Pro 1','25 cm',1200.37,1440.44,15,30,8),(860,'7891000358','Monitor HP Pro 1','11 cm',2061.63,2473.96,65,130,33),(861,'7891000359','Mouse Asus Pro 3','13 cm',1885.32,2262.38,31,62,16),(862,'7891000360','Mouse Asus Pro 5','18 cm',845.46,1014.55,28,56,14),(863,'7891000361','Headset HyperX Pro 6','19 cm',2500.38,3000.46,81,162,41),(864,'7891000362','Headset Corsair Pro 5','22 cm',801.36,961.63,30,60,15),(865,'7891000363','Monitor HyperX Pro 9','13 cm',3036.89,3644.27,71,142,36),(866,'7891000364','Gabinete Dell Pro 2','23 cm',3150.95,3781.14,86,172,43),(867,'7891000365','Gabinete Logitech Pro 7','13 cm',3362.93,4035.52,28,56,14),(868,'7891000366','Fonte Corsair Pro 1','23 cm',2354.34,2825.21,24,48,12),(869,'7891000367','Fonte Corsair Pro 1','23 cm',258.1,309.72,79,158,40),(870,'7891000368','SSD Corsair Pro 2','15 cm',588.2,705.84,62,124,31),(871,'7891000369','Webcam Corsair Pro 6','12 cm',583.06,699.67,86,172,43),(872,'7891000370','RAM HyperX Pro 3','22 cm',2726.41,3271.69,94,188,47),(873,'7891000371','Headset HyperX Pro 1','19 cm',506.41,607.69,79,158,40),(874,'7891000372','Headset Dell Pro 5','16 cm',2539.77,3047.72,74,148,37),(875,'7891000373','Cabo Corsair Pro 7','20 cm',3449.26,4139.11,69,138,35),(876,'7891000374','Monitor Corsair Pro 5','22 cm',1218.2,1461.84,60,120,30),(877,'7891000375','Teclado Asus Pro 8','16 cm',2872.37,3446.84,97,194,49),(878,'7891000376','Teclado HyperX Pro 2','18 cm',668,801.6,27,54,14),(879,'7891000377','Fonte Corsair Pro 1','17 cm',2257.3,2708.76,70,140,35),(880,'7891000378','Teclado HyperX Pro 6','13 cm',214,256.8,43,86,22),(881,'7891000379','Mouse Logitech Pro 8','23 cm',341.05,409.26,10,20,5),(882,'7891000380','Webcam HyperX Pro 8','13 cm',2427.85,2913.42,53,106,27),(883,'7891000381','Teclado Logitech Pro 8','18 cm',1542.45,1850.94,88,176,44),(884,'7891000382','Headset Corsair Pro 4','20 cm',1856.05,2227.26,92,184,46),(885,'7891000383','Teclado Logitech Pro 1','18 cm',1298.92,1558.7,54,108,27),(886,'7891000384','Headset Razer Pro 5','15 cm',1369.8,1643.76,62,124,31),(887,'7891000385','Teclado Logitech Pro 3','23 cm',1840.27,2208.32,26,52,13),(888,'7891000386','RAM HyperX Pro 5','18 cm',2390.66,2868.79,49,98,25),(889,'7891000387','Cabo Samsung Pro 7','24 cm',998.51,1198.21,99,198,50),(890,'7891000388','Teclado Samsung Pro 1','13 cm',1906.49,2287.79,12,24,6),(891,'7891000389','Fonte Corsair Pro 3','25 cm',3135.93,3763.12,14,28,7),(892,'7891000390','Teclado HP Pro 6','14 cm',760.53,912.64,96,192,48),(893,'7891000391','Webcam Logitech Pro 6','10 cm',84.07,100.88,57,114,29),(894,'7891000392','Gabinete Corsair Pro 6','19 cm',1486.18,1783.42,42,84,21),(895,'7891000393','Teclado Asus Pro 5','13 cm',2600.87,3121.04,51,102,26),(896,'7891000394','SSD Corsair Pro 2','14 cm',1410.01,1692.01,15,30,8),(897,'7891000395','Cabo Samsung Pro 2','25 cm',1447.35,1736.82,85,170,43),(898,'7891000396','RAM Corsair Pro 7','18 cm',1224.89,1469.87,66,132,33),(899,'7891000397','Headset Asus Pro 9','16 cm',2410.6,2892.72,73,146,37),(900,'7891000398','SSD Logitech Pro 4','19 cm',2189.22,2627.06,29,58,15),(901,'7891000399','RAM Logitech Pro 1','14 cm',3175.49,3810.59,30,60,15),(902,'7891000400','SSD Asus Pro 8','21 cm',1188.3,1425.96,54,108,27),(903,'7891000401','Cabo Logitech Pro 8','14 cm',2958.79,3550.55,62,124,31),(904,'7891000402','Headset Corsair Pro 6','16 cm',1361.86,1634.23,12,24,6),(905,'7891000403','Mouse HP Pro 5','19 cm',2408.64,2890.37,35,70,18),(906,'7891000404','Headset Razer Pro 1','25 cm',430.76,516.91,32,64,16),(907,'7891000405','Cabo Dell Pro 4','23 cm',342.37,410.84,81,162,41),(908,'7891000406','Monitor HP Pro 9','11 cm',2319.52,2783.42,11,22,6),(909,'7891000407','Monitor Dell Pro 2','13 cm',2354.24,2825.09,37,74,19),(910,'7891000408','Teclado Dell Pro 8','19 cm',565.96,679.15,92,184,46),(911,'7891000409','Webcam HP Pro 1','19 cm',205.99,247.19,52,104,26),(912,'7891000410','Monitor Logitech Pro 7','19 cm',2417.63,2901.16,46,92,23),(913,'7891000411','Gabinete HyperX Pro 1','13 cm',3293.53,3952.24,87,174,44),(914,'7891000412','Gabinete Corsair Pro 7','14 cm',1190.81,1428.97,90,180,45),(915,'7891000413','Cabo Dell Pro 1','21 cm',1709.12,2050.94,35,70,18),(916,'7891000414','SSD Dell Pro 5','10 cm',1736.67,2084,29,58,15),(917,'7891000415','Gabinete Samsung Pro 7','17 cm',43,51.6,38,76,19),(918,'7891000416','RAM Logitech Pro 5','23 cm',2013.15,2415.78,39,78,20),(919,'7891000417','Mouse Asus Pro 1','14 cm',2373,2847.6,36,72,18),(920,'7891000418','Webcam Asus Pro 8','22 cm',1444.53,1733.44,36,72,18),(921,'7891000419','SSD Samsung Pro 8','19 cm',1864.71,2237.65,71,142,36),(922,'7891000420','Teclado Asus Pro 5','17 cm',1964.61,2357.53,45,90,23),(923,'7891000421','Gabinete Razer Pro 4','14 cm',2058.44,2470.13,78,156,39),(924,'7891000422','Cabo HP Pro 2','20 cm',2099.23,2519.08,97,194,49),(925,'7891000423','Mouse Logitech Pro 1','15 cm',2245.39,2694.47,17,34,9),(926,'7891000424','RAM Corsair Pro 1','20 cm',622.25,746.7,51,102,26),(927,'7891000425','Webcam HP Pro 3','17 cm',433.06,519.67,90,180,45),(928,'7891000426','SSD Corsair Pro 8','21 cm',2500.71,3000.85,50,100,25),(929,'7891000427','RAM HP Pro 8','22 cm',1674.23,2009.08,86,172,43),(930,'7891000428','Headset HP Pro 1','15 cm',813.08,975.7,27,54,14),(931,'7891000429','Cabo Razer Pro 4','20 cm',3361.77,4034.12,29,58,15),(932,'7891000430','RAM Corsair Pro 2','14 cm',2976.6,3571.92,97,194,49),(933,'7891000431','Fonte HP Pro 1','12 cm',3309.41,3971.29,94,188,47),(934,'7891000432','Monitor Dell Pro 2','16 cm',1680.18,2016.22,74,148,37),(935,'7891000433','Cabo Asus Pro 3','10 cm',1386.06,1663.27,87,174,44),(936,'7891000434','Mouse Corsair Pro 6','15 cm',498.46,598.15,47,94,24),(937,'7891000435','Monitor HP Pro 7','21 cm',2844.59,3413.51,100,200,50),(938,'7891000436','Mouse HyperX Pro 6','18 cm',3194.8,3833.76,77,154,39),(939,'7891000437','Gabinete Samsung Pro 4','15 cm',3199.31,3839.17,38,76,19),(940,'7891000438','Cabo Corsair Pro 6','25 cm',1492.56,1791.07,58,116,29),(941,'7891000439','Teclado Dell Pro 6','22 cm',1311.64,1573.97,60,120,30),(942,'7891000440','Monitor Logitech Pro 3','13 cm',1631.22,1957.46,86,172,43),(943,'7891000441','Webcam Dell Pro 8','21 cm',262.72,315.26,72,144,36),(944,'7891000442','Mouse Asus Pro 7','10 cm',1266.6,1519.92,46,92,23),(945,'7891000443','Teclado Asus Pro 4','20 cm',513.67,616.4,47,94,24),(946,'7891000444','Headset Corsair Pro 5','14 cm',2757.32,3308.78,31,62,16),(947,'7891000445','Mouse Corsair Pro 9','12 cm',1996.05,2395.26,61,122,31),(948,'7891000446','Webcam Asus Pro 4','23 cm',582.37,698.84,58,116,29),(949,'7891000447','Mouse Logitech Pro 9','14 cm',2085.2,2502.24,21,42,11),(950,'7891000448','Gabinete HP Pro 4','20 cm',1830.42,2196.5,65,130,33),(951,'7891000449','Mouse Dell Pro 7','12 cm',651.34,781.61,96,192,48),(952,'7891000450','Webcam Corsair Pro 5','20 cm',2516.31,3019.57,40,80,20),(953,'7891000451','Gabinete Razer Pro 2','15 cm',50.52,60.62,28,56,14),(954,'7891000452','RAM HP Pro 2','10 cm',603.58,724.3,11,22,6),(955,'7891000453','Mouse Samsung Pro 8','25 cm',2119.92,2543.9,95,190,48),(956,'7891000454','Fonte Corsair Pro 8','10 cm',858.09,1029.71,75,150,38),(957,'7891000455','Teclado Samsung Pro 3','19 cm',2189.04,2626.85,51,102,26),(958,'7891000456','Webcam Corsair Pro 8','11 cm',1008.89,1210.67,78,156,39),(959,'7891000457','Monitor Dell Pro 1','15 cm',2495.63,2994.76,33,66,17),(960,'7891000458','Monitor Dell Pro 8','15 cm',434.27,521.12,93,186,47),(961,'7891000459','Mouse Asus Pro 5','16 cm',2572.2,3086.64,25,50,13),(962,'7891000460','SSD Razer Pro 8','15 cm',3031.2,3637.44,47,94,24),(963,'7891000461','Webcam Asus Pro 3','18 cm',2612.61,3135.13,13,26,7),(964,'7891000462','Fonte Corsair Pro 4','15 cm',658.95,790.74,95,190,48),(965,'7891000463','Headset HyperX Pro 8','19 cm',649.78,779.74,35,70,18),(966,'7891000464','Monitor Samsung Pro 4','15 cm',2195.14,2634.17,35,70,18),(967,'7891000465','Cabo Logitech Pro 1','22 cm',1790.96,2149.15,91,182,46),(968,'7891000466','Mouse HP Pro 9','21 cm',2750.78,3300.94,35,70,18),(969,'7891000467','SSD Samsung Pro 9','11 cm',2903.12,3483.74,12,24,6),(970,'7891000468','Monitor Logitech Pro 9','19 cm',1567.7,1881.24,55,110,28),(971,'7891000469','Monitor Asus Pro 3','16 cm',273.21,327.85,32,64,16),(972,'7891000470','Monitor Dell Pro 4','18 cm',1752.48,2102.98,95,190,48),(973,'7891000471','Mouse Razer Pro 5','11 cm',3218.25,3861.9,94,188,47),(974,'7891000472','Monitor Dell Pro 8','25 cm',3249.58,3899.5,97,194,49),(975,'7891000473','RAM HP Pro 7','11 cm',1113.32,1335.98,61,122,31),(976,'7891000474','Gabinete HP Pro 6','16 cm',117.18,140.62,96,192,48),(977,'7891000475','SSD Razer Pro 6','22 cm',3193.81,3832.57,88,176,44),(978,'7891000476','Gabinete Razer Pro 5','23 cm',411.71,494.05,79,158,40),(979,'7891000477','Gabinete Razer Pro 4','15 cm',3431.03,4117.24,17,34,9),(980,'7891000478','Fonte Samsung Pro 7','17 cm',2037.65,2445.18,74,148,37),(981,'7891000479','Teclado Corsair Pro 6','25 cm',2662.8,3195.36,39,78,20),(982,'7891000480','Gabinete Dell Pro 5','19 cm',25.72,30.86,82,164,41),(983,'7891000481','Mouse Corsair Pro 6','21 cm',2192.85,2631.42,88,176,44),(984,'7891000482','Webcam Razer Pro 9','19 cm',1972.17,2366.6,86,172,43),(985,'7891000483','Cabo Dell Pro 2','25 cm',929.32,1115.18,20,40,10),(986,'7891000484','Cabo Dell Pro 5','23 cm',2508.01,3009.61,30,60,15),(987,'7891000485','Monitor Dell Pro 1','24 cm',320.54,384.65,68,136,34),(988,'7891000486','Gabinete Logitech Pro 6','14 cm',1434.56,1721.47,64,128,32),(989,'7891000487','Headset Corsair Pro 3','13 cm',1886.84,2264.21,70,140,35),(990,'7891000488','Fonte Razer Pro 8','25 cm',3402.43,4082.92,57,114,29),(991,'7891000489','Cabo Razer Pro 2','13 cm',2174.53,2609.44,86,172,43),(992,'7891000490','RAM Dell Pro 2','12 cm',3109.28,3731.14,48,96,24),(993,'7891000491','Teclado Samsung Pro 3','17 cm',2074.17,2489,23,46,12),(994,'7891000492','SSD Logitech Pro 1','11 cm',2034.86,2441.83,62,124,31),(995,'7891000493','Webcam HP Pro 4','10 cm',2002.84,2403.41,51,102,26),(996,'7891000494','Monitor HyperX Pro 5','24 cm',384.22,461.06,14,28,7),(997,'7891000495','RAM Logitech Pro 2','11 cm',2766.46,3319.75,91,182,46),(998,'7891000496','Monitor Dell Pro 5','24 cm',1193.93,1432.72,95,190,48),(999,'7891000497','Mouse Razer Pro 8','19 cm',1462.82,1755.38,47,94,24),(1000,'7891000498','RAM Logitech Pro 9','18 cm',2397.69,2877.23,73,146,37),(1001,'7891000499','Webcam Corsair Pro 2','19 cm',2307.08,2768.5,23,46,12),(1002,'7891000500','Mouse HP Pro 1','10 cm',3045.27,3654.32,33,66,17);
/*!40000 ALTER TABLE `produto` ENABLE KEYS */;
UNLOCK TABLES;

--
-- Current Database: `dbgrabriel`
--

CREATE DATABASE /*!32312 IF NOT EXISTS*/ `dbgrabriel` /*!40100 DEFAULT CHARACTER SET utf8mb4 COLLATE utf8mb4_general_ci */;

USE `dbgrabriel`;

--
-- Current Database: `mysql`
--

CREATE DATABASE /*!32312 IF NOT EXISTS*/ `mysql` /*!40100 DEFAULT CHARACTER SET utf8mb4 COLLATE utf8mb4_general_ci */;

USE `mysql`;

--
-- Table structure for table `general_log`
--

/*!40101 SET @saved_cs_client     = @@character_set_client */;
/*!40101 SET character_set_client = utf8 */;
CREATE TABLE IF NOT EXISTS `general_log` (
  `event_time` timestamp(6) NOT NULL DEFAULT current_timestamp(6) ON UPDATE current_timestamp(6),
  `user_host` mediumtext NOT NULL,
  `thread_id` bigint(21) unsigned NOT NULL,
  `server_id` int(10) unsigned NOT NULL,
  `command_type` varchar(64) NOT NULL,
  `argument` mediumtext NOT NULL
) ENGINE=CSV DEFAULT CHARSET=utf8 COLLATE=utf8_general_ci COMMENT='General log';
/*!40101 SET character_set_client = @saved_cs_client */;

--
-- Table structure for table `slow_log`
--

/*!40101 SET @saved_cs_client     = @@character_set_client */;
/*!40101 SET character_set_client = utf8 */;
CREATE TABLE IF NOT EXISTS `slow_log` (
  `start_time` timestamp(6) NOT NULL DEFAULT current_timestamp(6) ON UPDATE current_timestamp(6),
  `user_host` mediumtext NOT NULL,
  `query_time` time(6) NOT NULL,
  `lock_time` time(6) NOT NULL,
  `rows_sent` int(11) NOT NULL,
  `rows_examined` int(11) NOT NULL,
  `db` varchar(512) NOT NULL,
  `last_insert_id` int(11) NOT NULL,
  `insert_id` int(11) NOT NULL,
  `server_id` int(10) unsigned NOT NULL,
  `sql_text` mediumtext NOT NULL,
  `thread_id` bigint(21) unsigned NOT NULL,
  `rows_affected` int(11) NOT NULL
) ENGINE=CSV DEFAULT CHARSET=utf8 COLLATE=utf8_general_ci COMMENT='Slow log';
/*!40101 SET character_set_client = @saved_cs_client */;

--
-- Table structure for table `column_stats`
--

DROP TABLE IF EXISTS `column_stats`;
/*!40101 SET @saved_cs_client     = @@character_set_client */;
/*!40101 SET character_set_client = utf8 */;
CREATE TABLE `column_stats` (
  `db_name` varchar(64) NOT NULL,
  `table_name` varchar(64) NOT NULL,
  `column_name` varchar(64) NOT NULL,
  `min_value` varbinary(255) DEFAULT NULL,
  `max_value` varbinary(255) DEFAULT NULL,
  `nulls_ratio` decimal(12,4) DEFAULT NULL,
  `avg_length` decimal(12,4) DEFAULT NULL,
  `avg_frequency` decimal(12,4) DEFAULT NULL,
  `hist_size` tinyint(3) unsigned DEFAULT NULL,
  `hist_type` enum('SINGLE_PREC_HB','DOUBLE_PREC_HB') DEFAULT NULL,
  `histogram` varbinary(255) DEFAULT NULL,
  PRIMARY KEY (`db_name`,`table_name`,`column_name`)
) ENGINE=Aria DEFAULT CHARSET=utf8 COLLATE=utf8_bin PAGE_CHECKSUM=1 TRANSACTIONAL=0 COMMENT='Statistics on Columns';
/*!40101 SET character_set_client = @saved_cs_client */;

--
-- Dumping data for table `column_stats`
--

LOCK TABLES `column_stats` WRITE;
/*!40000 ALTER TABLE `column_stats` DISABLE KEYS */;
/*!40000 ALTER TABLE `column_stats` ENABLE KEYS */;
UNLOCK TABLES;

--
-- Table structure for table `columns_priv`
--

DROP TABLE IF EXISTS `columns_priv`;
/*!40101 SET @saved_cs_client     = @@character_set_client */;
/*!40101 SET character_set_client = utf8 */;
CREATE TABLE `columns_priv` (
  `Host` char(60) NOT NULL DEFAULT '',
  `Db` char(64) NOT NULL DEFAULT '',
  `User` char(80) NOT NULL DEFAULT '',
  `Table_name` char(64) NOT NULL DEFAULT '',
  `Column_name` char(64) NOT NULL DEFAULT '',
  `Timestamp` timestamp NOT NULL DEFAULT current_timestamp() ON UPDATE current_timestamp(),
  `Column_priv` set('Select','Insert','Update','References') CHARACTER SET utf8 COLLATE utf8_general_ci NOT NULL DEFAULT '',
  PRIMARY KEY (`Host`,`Db`,`User`,`Table_name`,`Column_name`)
) ENGINE=Aria DEFAULT CHARSET=utf8 COLLATE=utf8_bin PAGE_CHECKSUM=1 TRANSACTIONAL=1 COMMENT='Column privileges';
/*!40101 SET character_set_client = @saved_cs_client */;

--
-- Dumping data for table `columns_priv`
--

LOCK TABLES `columns_priv` WRITE;
/*!40000 ALTER TABLE `columns_priv` DISABLE KEYS */;
/*!40000 ALTER TABLE `columns_priv` ENABLE KEYS */;
UNLOCK TABLES;

--
-- Table structure for table `db`
--

DROP TABLE IF EXISTS `db`;
/*!40101 SET @saved_cs_client     = @@character_set_client */;
/*!40101 SET character_set_client = utf8 */;
CREATE TABLE `db` (
  `Host` char(60) NOT NULL DEFAULT '',
  `Db` char(64) NOT NULL DEFAULT '',
  `User` char(80) NOT NULL DEFAULT '',
  `Select_priv` enum('N','Y') CHARACTER SET utf8 COLLATE utf8_general_ci NOT NULL DEFAULT 'N',
  `Insert_priv` enum('N','Y') CHARACTER SET utf8 COLLATE utf8_general_ci NOT NULL DEFAULT 'N',
  `Update_priv` enum('N','Y') CHARACTER SET utf8 COLLATE utf8_general_ci NOT NULL DEFAULT 'N',
  `Delete_priv` enum('N','Y') CHARACTER SET utf8 COLLATE utf8_general_ci NOT NULL DEFAULT 'N',
  `Create_priv` enum('N','Y') CHARACTER SET utf8 COLLATE utf8_general_ci NOT NULL DEFAULT 'N',
  `Drop_priv` enum('N','Y') CHARACTER SET utf8 COLLATE utf8_general_ci NOT NULL DEFAULT 'N',
  `Grant_priv` enum('N','Y') CHARACTER SET utf8 COLLATE utf8_general_ci NOT NULL DEFAULT 'N',
  `References_priv` enum('N','Y') CHARACTER SET utf8 COLLATE utf8_general_ci NOT NULL DEFAULT 'N',
  `Index_priv` enum('N','Y') CHARACTER SET utf8 COLLATE utf8_general_ci NOT NULL DEFAULT 'N',
  `Alter_priv` enum('N','Y') CHARACTER SET utf8 COLLATE utf8_general_ci NOT NULL DEFAULT 'N',
  `Create_tmp_table_priv` enum('N','Y') CHARACTER SET utf8 COLLATE utf8_general_ci NOT NULL DEFAULT 'N',
  `Lock_tables_priv` enum('N','Y') CHARACTER SET utf8 COLLATE utf8_general_ci NOT NULL DEFAULT 'N',
  `Create_view_priv` enum('N','Y') CHARACTER SET utf8 COLLATE utf8_general_ci NOT NULL DEFAULT 'N',
  `Show_view_priv` enum('N','Y') CHARACTER SET utf8 COLLATE utf8_general_ci NOT NULL DEFAULT 'N',
  `Create_routine_priv` enum('N','Y') CHARACTER SET utf8 COLLATE utf8_general_ci NOT NULL DEFAULT 'N',
  `Alter_routine_priv` enum('N','Y') CHARACTER SET utf8 COLLATE utf8_general_ci NOT NULL DEFAULT 'N',
  `Execute_priv` enum('N','Y') CHARACTER SET utf8 COLLATE utf8_general_ci NOT NULL DEFAULT 'N',
  `Event_priv` enum('N','Y') CHARACTER SET utf8 COLLATE utf8_general_ci NOT NULL DEFAULT 'N',
  `Trigger_priv` enum('N','Y') CHARACTER SET utf8 COLLATE utf8_general_ci NOT NULL DEFAULT 'N',
  `Delete_history_priv` enum('N','Y') CHARACTER SET utf8 COLLATE utf8_general_ci NOT NULL DEFAULT 'N',
  PRIMARY KEY (`Host`,`Db`,`User`),
  KEY `User` (`User`)
) ENGINE=Aria DEFAULT CHARSET=utf8 COLLATE=utf8_bin PAGE_CHECKSUM=1 TRANSACTIONAL=1 COMMENT='Database privileges';
/*!40101 SET character_set_client = @saved_cs_client */;

--
-- Dumping data for table `db`
--

LOCK TABLES `db` WRITE;
/*!40000 ALTER TABLE `db` DISABLE KEYS */;
